Workbook

Sheet Old P110
A1: EOS P110 — Old P110 Build Log
A2: Build info | D2: Slot 1 bucket | F2: Slot 2 bucket | H2: Usage | I2: Result | K2: Powder source (FIFO: funnel→slot1→slot2) | N2: Slot remaining | P2: Notes | Q2: Calculated detail (click + to expand)
A4: Build # | B4: Date | C4: Cleaned Chamber? | D4: Slot 1 Cycle | E4: Slot 1 Bucket | F4: Slot 2 Cycle | G4: Slot 2 Bucket | H4: Calc. usage (kg) | I4: Total drawn (kg) | J4: Total LEFT (kg) | K4: Draw from funnel | L4: Draw from slot 1 | M4: Draw from slot 2 | N4: Slot 1 left | O4: Slot 2 left | P4: Notes | Q4: Eff S1 Cyc | R4: Eff S1 Bkt | S4: Eff S2 Cyc | T4: Eff S2 Bkt | U4: Slot 1 Key | V4: Slot 2 Key | W4: Swap1? | X4: Swap2? | Y4: Funnel1 bkt | Z4: Funnel1 start | AA4: Funnel1 used | AB4: Funnel1 end | AC4: Funnel2 bkt | AD4: Funnel2 start | AE4: Funnel2 used | AF4: Funnel2 end | AG4: Roller fill (kg) | AH4: Slot 1 avail | AI4: Slot 2 avail | AJ4: Total avail
A5: temp search | D5: M1 | E5: A | F5: M1 | G5: B | H5: 1.85 | I5: =IFERROR(IF(H5="","",H5+AG5),"") -> 1.85 | J5: =IFERROR(IF(OR(I5="",AJ5=""),"",AJ5-(AK5+AL5)),"") -> 7.39 | K5: =IF(AND(AA5>0,AE5>0),TEXT(AA5,"0.000")&" kg "&Y5&" (funnel)"&" + "&TEXT(AE5,"0.000")&" kg "&AC5&" (funnel)",IF(AA5>0,TEXT(AA5,"0.000")&" kg "&Y5&" (funnel)",IF(AE5>0,TEXT(AE5,"0.000")&" kg "&AC5&" (funnel)",""))) | L5: =IF(OR(AK5="",AK5=0,U5=""),"",TEXT(AK5,"0.000")&" kg "&U5) -> 1.850 kg M1A- | M5: =IF(OR(AL5="",AL5=0,V5=""),"",TEXT(AL5,"0.000")&" kg "&V5) | N5: =IF(OR(I5="",U5=""),"",TEXT(MAX(0,(AH5-AK5-IF(Y5=U5,AA5,0)-IF(AC5=U5,AE5,0))),"0.000")&" kg "&U5) -> 2.670 kg M1A- | O5: =IF(OR(I5="",V5=""),"",TEXT(MAX(0,(AI5-AL5-IF(Y5=V5,AA5,0)-IF(AC5=V5,AE5,0))),"0.000")&" kg "&V5) -> 4.720 kg M1B- | Q5: =IF($A5="","",IF(D5="","",D5)) -> M1 | R5: =IF($A5="","",IF(E5="","",E5)) -> A | S5: =IF($A5="","",IF(F5="","",F5)) -> M1 | T5: =IF($A5="","",IF(G5="","",G5)) -> B | U5: =IF(OR(Q5="",R5=""),"",Q5&R5&"-") -> M1A- | V5: =IF(OR(S5="",T5=""),"",S5&T5&"-") -> M1B- | W5: =0 -> 0 | X5: =0 -> 0 | Y5: ="" | Z5: =0 -> 0 | AA5: =IFERROR(IF(I5="",0,MAX(0,MIN(Z5,I5))),0) -> 0 | AB5: =IFERROR(Z5-AA5,0) -> 0 | AC5: ="" | AD5: =0 -> 0 | AE5: =IFERROR(IF(I5="",0,MAX(0,MIN(AD5,I5-AA5))),0) -> 0 | AF5: =IFERROR(AD5-AE5,0) -> 0 | AG5: =IFERROR(IF(C5="Y",Settings!$B$4+Settings!$B$5,0),0) -> 0 | AH5: =IFERROR(IF(U5="","",IFERROR(VLOOKUP(U5,'Bucket Status'!$A$4:$B$75,2,FALSE()),0)-0),"") -> 4.52 | AI5: =IFERROR(IF(V5="","",IFERROR(VLOOKUP(V5,'Bucket Status'!$A$4:$B$75,2,FALSE()),0)-0),"") -> 4.72 | AJ5: =IFERROR(IF(AH5="","",AH5+IF(AI5="",0,AI5)),"") -> 9.24 | AK5: =IFERROR(IF(I5="","",IF(U5="",0,IF(V5="",(I5-AA5-AE5),MIN(AH5,(I5-AA5-AE5))))),"") -> 1.85 | AL5: =IFERROR(IF(I5="","",IF(V5="",0,MAX(0,(I5-AA5-AE5)-AK5))),"") -> 0
A6: B-2758 | B6: 46280 | H6: 3.81 | I6: =IFERROR(IF(H6="","",H6+AG6),"") -> 3.81 | J6: =IFERROR(IF(OR(I6="",AJ6=""),"",AJ6-(AK6+AL6)),"") -> 3.58 | K6: =IF(AND(AA6>0,AE6>0),TEXT(AA6,"0.000")&" kg "&Y6&" (funnel)"&" + "&TEXT(AE6,"0.000")&" kg "&AC6&" (funnel)",IF(AA6>0,TEXT(AA6,"0.000")&" kg "&Y6&" (funnel)",IF(AE6>0,TEXT(AE6,"0.000")&" kg "&AC6&" (funnel)",""))) | L6: =IF(OR(AK6="",AK6=0,U6=""),"",TEXT(AK6,"0.000")&" kg "&U6) -> 2.670 kg M1A- | M6: =IF(OR(AL6="",AL6=0,V6=""),"",TEXT(AL6,"0.000")&" kg "&V6) -> 1.140 kg M1B- | N6: =IF(OR(I6="",U6=""),"",TEXT(MAX(0,(AH6-AK6-IF(Y6=U6,AA6,0)-IF(AC6=U6,AE6,0))),"0.000")&" kg "&U6) -> 0.000 kg M1A- | O6: =IF(OR(I6="",V6=""),"",TEXT(MAX(0,(AI6-AL6-IF(Y6=V6,AA6,0)-IF(AC6=V6,AE6,0))),"0.000")&" kg "&V6) -> 3.580 kg M1B- | Q6: =IF($A6="","",IF(D6="",Q5,D6)) -> M1 | R6: =IF($A6="","",IF(E6="",R5,E6)) -> A | S6: =IF($A6="","",IF(F6="",S5,F6)) -> M1 | T6: =IF($A6="","",IF(G6="",T5,G6)) -> B | U6: =IF(OR(Q6="",R6=""),"",Q6&R6&"-") -> M1A- | V6: =IF(OR(S6="",T6=""),"",S6&T6&"-") -> M1B- | W6: =IF(AND(U6<>"",U5<>"",U6<>U5),1,0) -> 0 | X6: =IF(AND(V6<>"",V5<>"",V6<>V5),1,0) -> 0 | Y6: =IF(W6=1,U5,IF(AB5>0,Y5,"")) | Z6: =IF(W6=1,MAX(0,MIN(Settings!$B$6,(IFERROR(VLOOKUP(U5,'Bucket Status'!$A$4:$B$75,2,FALSE()),0)-(SUMIF($U$5:$U5,U5,$AK$5:$AK5)+SUMIF($V$5:$V5,U5,$AL$5:$AL5)+SUMIF($Y$5:$Y5,U5,$AA$5:$AA5)+SUMIF($AC$5:$AC5,U5,$AE$5:$AE5))))),IF(AB5>0,AB5,0)) -> 0 | AA6: =IFERROR(IF(I6="",0,MAX(0,MIN(Z6,I6))),0) -> 0 | AB6: =IFERROR(Z6-AA6,0) -> 0 | AC6: =IF(X6=1,V5,IF(AF5>0,AC5,"")) | AD6: =IF(X6=1,MAX(0,MIN(Settings!$B$6-Z6,(IFERROR(VLOOKUP(V5,'Bucket Status'!$A$4:$B$75,2,FALSE()),0)-(SUMIF($U$5:$U5,V5,$AK$5:$AK5)+SUMIF($V$5:$V5,V5,$AL$5:$AL5)+SUMIF($Y$5:$Y5,V5,$AA$5:$AA5)+SUMIF($AC$5:$AC5,V5,$AE$5:$AE5))))),IF(AF5>0,AF5,0)) -> 0 | AE6: =IFERROR(IF(I6="",0,MAX(0,MIN(AD6,I6-AA6))),0) -> 0 | AF6: =IFERROR(AD6-AE6,0) -> 0 | AG6: =IFERROR(IF(C6="Y",Settings!$B$4+Settings!$B$5,0),0) -> 0 | AH6: =IFERROR(IF(U6="","",IFERROR(VLOOKUP(U6,'Bucket Status'!$A$4:$B$75,2,FALSE()),0)-(SUMIF($U$5:$U5,U6,$AK$5:$AK5)+SUMIF($V$5:$V5,U6,$AL$5:$AL5)+SUMIF($Y$5:$Y5,U6,$AA$5:$AA5)+SUMIF($AC$5:$AC5,U6,$AE$5:$AE5))),"") -> 2.67 | AI6: =IFERROR(IF(V6="","",IFERROR(VLOOKUP(V6,'Bucket Status'!$A$4:$B$75,2,FALSE()),0)-(SUMIF($U$5:$U5,V6,$AK$5:$AK5)+SUMIF($V$5:$V5,V6,$AL$5:$AL5)+SUMIF($Y$5:$Y5,V6,$AA$5:$AA5)+SUMIF($AC$5:$AC5,V6,$AE$5:$AE5))),"") -> 4.72 | AJ6: =IFERROR(IF(AH6="","",AH6+IF(AI6="",0,AI6)),"") -> 7.39 | AK6: =IFERROR(IF(I6="","",IF(U6="",0,IF(V6="",(I6-AA6-AE6),MIN(AH6,(I6-AA6-AE6))))),"") -> 2.67 | AL6: =IFERROR(IF(I6="","",IF(V6="",0,MAX(0,(I6-AA6-AE6)-AK6))),"") -> 1.14
A7: B-2761 | B7: 46281 | D7: M1 | E7: C | F7: M1 | G7: D | H7: 5.31 | I7: =IFERROR(IF(H7="","",H7+AG7),"") -> 5.31 | J7: =IFERROR(IF(OR(I7="",AJ7=""),"",AJ7-(AK7+AL7)),"") -> 7.76 | K7: =IF(AND(AA7>0,AE7>0),TEXT(AA7,"0.000")&" kg "&Y7&" (funnel)"&" + "&TEXT(AE7,"0.000")&" kg "&AC7&" (funnel)",IF(AA7>0,TEXT(AA7,"0.000")&" kg "&Y7&" (funnel)",IF(AE7>0,TEXT(AE7,"0.000")&" kg "&AC7&" (funnel)",""))) -> 3.580 kg M1B- (funnel) | L7: =IF(OR(AK7="",AK7=0,U7=""),"",TEXT(AK7,"0.000")&" kg "&U7) -> 1.730 kg M1C- | M7: =IF(OR(AL7="",AL7=0,V7=""),"",TEXT(AL7,"0.000")&" kg "&V7) | N7: =IF(OR(I7="",U7=""),"",TEXT(MAX(0,(AH7-AK7-IF(Y7=U7,AA7,0)-IF(AC7=U7,AE7,0))),"0.000")&" kg "&U7) -> 2.900 kg M1C- | O7: =IF(OR(I7="",V7=""),"",TEXT(MAX(0,(AI7-AL7-IF(Y7=V7,AA7,0)-IF(AC7=V7,AE7,0))),"0.000")&" kg "&V7) -> 4.860 kg M1D- | Q7: =IF($A7="","",IF(D7="",Q6,D7)) -> M1 | R7: =IF($A7="","",IF(E7="",R6,E7)) -> C | S7: =IF($A7="","",IF(F7="",S6,F7)) -> M1 | T7: =IF($A7="","",IF(G7="",T6,G7)) -> D | U7: =IF(OR(Q7="",R7=""),"",Q7&R7&"-") -> M1C- | V7: =IF(OR(S7="",T7=""),"",S7&T7&"-") -> M1D- | W7: =IF(AND(U7<>"",U6<>"",U7<>U6),1,0) -> 1 | X7: =IF(AND(V7<>"",V6<>"",V7<>V6),1,0) -> 1 | Y7: =IF(W7=1,U6,IF(AB6>0,Y6,"")) -> M1A- | Z7: =IF(W7=1,MAX(0,MIN(Settings!$B$6,(IFERROR(VLOOKUP(U6,'Bucket Status'!$A$4:$B$75,2,FALSE()),0)-(SUMIF($U$5:$U6,U6,$AK$5:$AK6)+SUMIF($V$5:$V6,U6,$AL$5:$AL6)+SUMIF($Y$5:$Y6,U6,$AA$5:$AA6)+SUMIF($AC$5:$AC6,U6,$AE$5:$AE6))))),IF(AB6>0,AB6,0)) -> 0 | AA7: =IFERROR(IF(I7="",0,MAX(0,MIN(Z7,I7))),0) -> 0 | AB7: =IFERROR(Z7-AA7,0) -> 0 | AC7: =IF(X7=1,V6,IF(AF6>0,AC6,"")) -> M1B- | AD7: =IF(X7=1,MAX(0,MIN(Settings!$B$6-Z7,(IFERROR(VLOOKUP(V6,'Bucket Status'!$A$4:$B$75,2,FALSE()),0)-(SUMIF($U$5:$U6,V6,$AK$5:$AK6)+SUMIF($V$5:$V6,V6,$AL$5:$AL6)+SUMIF($Y$5:$Y6,V6,$AA$5:$AA6)+SUMIF($AC$5:$AC6,V6,$AE$5:$AE6))))),IF(AF6>0,AF6,0)) -> 3.58 | AE7: =IFERROR(IF(I7="",0,MAX(0,MIN(AD7,I7-AA7))),0) -> 3.58 | AF7: =IFERROR(AD7-AE7,0) -> 0 | AG7: =IFERROR(IF(C7="Y",Settings!$B$4+Settings!$B$5,0),0) -> 0 | AH7: =IFERROR(IF(U7="","",IFERROR(VLOOKUP(U7,'Bucket Status'!$A$4:$B$75,2,FALSE()),0)-(SUMIF($U$5:$U6,U7,$AK$5:$AK6)+SUMIF($V$5:$V6,U7,$AL$5:$AL6)+SUMIF($Y$5:$Y6,U7,$AA$5:$AA6)+SUMIF($AC$5:$AC6,U7,$AE$5:$AE6))),"") -> 4.63 | AI7: =IFERROR(IF(V7="","",IFERROR(VLOOKUP(V7,'Bucket Status'!$A$4:$B$75,2,FALSE()),0)-(SUMIF($U$5:$U6,V7,$AK$5:$AK6)+SUMIF($V$5:$V6,V7,$AL$5:$AL6)+SUMIF($Y$5:$Y6,V7,$AA$5:$AA6)+SUMIF($AC$5:$AC6,V7,$AE$5:$AE6))),"") -> 4.86 | AJ7: =IFERROR(IF(AH7="","",AH7+IF(AI7="",0,AI7)),"") -> 9.49 | AK7: =IFERROR(IF(I7="","",IF(U7="",0,IF(V7="",(I7-AA7-AE7),MIN(AH7,(I7-AA7-AE7))))),"") -> 1.73 | AL7: =IFERROR(IF(I7="","",IF(V7="",0,MAX(0,(I7-AA7-AE7)-AK7))),"") -> 0
A8: B-2762 | B8: 46282 | H8: 3.71 | I8: =IFERROR(IF(H8="","",H8+AG8),"") -> 3.71 | J8: =IFERROR(IF(OR(I8="",AJ8=""),"",AJ8-(AK8+AL8)),"") -> 4.05 | K8: =IF(AND(AA8>0,AE8>0),TEXT(AA8,"0.000")&" kg "&Y8&" (funnel)"&" + "&TEXT(AE8,"0.000")&" kg "&AC8&" (funnel)",IF(AA8>0,TEXT(AA8,"0.000")&" kg "&Y8&" (funnel)",IF(AE8>0,TEXT(AE8,"0.000")&" kg "&AC8&" (funnel)",""))) | L8: =IF(OR(AK8="",AK8=0,U8=""),"",TEXT(AK8,"0.000")&" kg "&U8) -> 2.900 kg M1C- | M8: =IF(OR(AL8="",AL8=0,V8=""),"",TEXT(AL8,"0.000")&" kg "&V8) -> 0.810 kg M1D- | N8: =IF(OR(I8="",U8=""),"",TEXT(MAX(0,(AH8-AK8-IF(Y8=U8,AA8,0)-IF(AC8=U8,AE8,0))),"0.000")&" kg "&U8) -> 0.000 kg M1C- | O8: =IF(OR(I8="",V8=""),"",TEXT(MAX(0,(AI8-AL8-IF(Y8=V8,AA8,0)-IF(AC8=V8,AE8,0))),"0.000")&" kg "&V8) -> 4.050 kg M1D- | Q8: =IF($A8="","",IF(D8="",Q7,D8)) -> M1 | R8: =IF($A8="","",IF(E8="",R7,E8)) -> C | S8: =IF($A8="","",IF(F8="",S7,F8)) -> M1 | T8: =IF($A8="","",IF(G8="",T7,G8)) -> D | U8: =IF(OR(Q8="",R8=""),"",Q8&R8&"-") -> M1C- | V8: =IF(OR(S8="",T8=""),"",S8&T8&"-") -> M1D- | W8: =IF(AND(U8<>"",U7<>"",U8<>U7),1,0) -> 0 | X8: =IF(AND(V8<>"",V7<>"",V8<>V7),1,0) -> 0 | Y8: =IF(W8=1,U7,IF(AB7>0,Y7,"")) | Z8: =IF(W8=1,MAX(0,MIN(Settings!$B$6,(IFERROR(VLOOKUP(U7,'Bucket Status'!$A$4:$B$75,2,FALSE()),0)-(SUMIF($U$5:$U7,U7,$AK$5:$AK7)+SUMIF($V$5:$V7,U7,$AL$5:$AL7)+SUMIF($Y$5:$Y7,U7,$AA$5:$AA7)+SUMIF($AC$5:$AC7,U7,$AE$5:$AE7))))),IF(AB7>0,AB7,0)) -> 0 | AA8: =IFERROR(IF(I8="",0,MAX(0,MIN(Z8,I8))),0) -> 0 | AB8: =IFERROR(Z8-AA8,0) -> 0 | AC8: =IF(X8=1,V7,IF(AF7>0,AC7,"")) | AD8: =IF(X8=1,MAX(0,MIN(Settings!$B$6-Z8,(IFERROR(VLOOKUP(V7,'Bucket Status'!$A$4:$B$75,2,FALSE()),0)-(SUMIF($U$5:$U7,V7,$AK$5:$AK7)+SUMIF($V$5:$V7,V7,$AL$5:$AL7)+SUMIF($Y$5:$Y7,V7,$AA$5:$AA7)+SUMIF($AC$5:$AC7,V7,$AE$5:$AE7))))),IF(AF7>0,AF7,0)) -> 0 | AE8: =IFERROR(IF(I8="",0,MAX(0,MIN(AD8,I8-AA8))),0) -> 0 | AF8: =IFERROR(AD8-AE8,0) -> 0 | AG8: =IFERROR(IF(C8="Y",Settings!$B$4+Settings!$B$5,0),0) -> 0 | AH8: =IFERROR(IF(U8="","",IFERROR(VLOOKUP(U8,'Bucket Status'!$A$4:$B$75,2,FALSE()),0)-(SUMIF($U$5:$U7,U8,$AK$5:$AK7)+SUMIF($V$5:$V7,U8,$AL$5:$AL7)+SUMIF($Y$5:$Y7,U8,$AA$5:$AA7)+SUMIF($AC$5:$AC7,U8,$AE$5:$AE7))),"") -> 2.9 | AI8: =IFERROR(IF(V8="","",IFERROR(VLOOKUP(V8,'Bucket Status'!$A$4:$B$75,2,FALSE()),0)-(SUMIF($U$5:$U7,V8,$AK$5:$AK7)+SUMIF($V$5:$V7,V8,$AL$5:$AL7)+SUMIF($Y$5:$Y7,V8,$AA$5:$AA7)+SUMIF($AC$5:$AC7,V8,$AE$5:$AE7))),"") -> 4.86 | AJ8: =IFERROR(IF(AH8="","",AH8+IF(AI8="",0,AI8)),"") -> 7.76 | AK8: =IFERROR(IF(I8="","",IF(U8="",0,IF(V8="",(I8-AA8-AE8),MIN(AH8,(I8-AA8-AE8))))),"") -> 2.9 | AL8: =IFERROR(IF(I8="","",IF(V8="",0,MAX(0,(I8-AA8-AE8)-AK8))),"") -> 0.81
A9: B-2762 | B9: 46283 | H9: 1.92 | I9: =IFERROR(IF(H9="","",H9+AG9),"") -> 1.92 | J9: =IFERROR(IF(OR(I9="",AJ9=""),"",AJ9-(AK9+AL9)),"") -> 2.13 | K9: =IF(AND(AA9>0,AE9>0),TEXT(AA9,"0.000")&" kg "&Y9&" (funnel)"&" + "&TEXT(AE9,"0.000")&" kg "&AC9&" (funnel)",IF(AA9>0,TEXT(AA9,"0.000")&" kg "&Y9&" (funnel)",IF(AE9>0,TEXT(AE9,"0.000")&" kg "&AC9&" (funnel)",""))) | L9: =IF(OR(AK9="",AK9=0,U9=""),"",TEXT(AK9,"0.000")&" kg "&U9) | M9: =IF(OR(AL9="",AL9=0,V9=""),"",TEXT(AL9,"0.000")&" kg "&V9) -> 1.920 kg M1D- | N9: =IF(OR(I9="",U9=""),"",TEXT(MAX(0,(AH9-AK9-IF(Y9=U9,AA9,0)-IF(AC9=U9,AE9,0))),"0.000")&" kg "&U9) -> 0.000 kg M1C- | O9: =IF(OR(I9="",V9=""),"",TEXT(MAX(0,(AI9-AL9-IF(Y9=V9,AA9,0)-IF(AC9=V9,AE9,0))),"0.000")&" kg "&V9) -> 2.130 kg M1D- | Q9: =IF($A9="","",IF(D9="",Q8,D9)) -> M1 | R9: =IF($A9="","",IF(E9="",R8,E9)) -> C | S9: =IF($A9="","",IF(F9="",S8,F9)) -> M1 | T9: =IF($A9="","",IF(G9="",T8,G9)) -> D | U9: =IF(OR(Q9="",R9=""),"",Q9&R9&"-") -> M1C- | V9: =IF(OR(S9="",T9=""),"",S9&T9&"-") -> M1D- | W9: =IF(AND(U9<>"",U8<>"",U9<>U8),1,0) -> 0 | X9: =IF(AND(V9<>"",V8<>"",V9<>V8),1,0) -> 0 | Y9: =IF(W9=1,U8,IF(AB8>0,Y8,"")) | Z9: =IF(W9=1,MAX(0,MIN(Settings!$B$6,(IFERROR(VLOOKUP(U8,'Bucket Status'!$A$4:$B$75,2,FALSE()),0)-(SUMIF($U$5:$U8,U8,$AK$5:$AK8)+SUMIF($V$5:$V8,U8,$AL$5:$AL8)+SUMIF($Y$5:$Y8,U8,$AA$5:$AA8)+SUMIF($AC$5:$AC8,U8,$AE$5:$AE8))))),IF(AB8>0,AB8,0)) -> 0 | AA9: =IFERROR(IF(I9="",0,MAX(0,MIN(Z9,I9))),0) -> 0 | AB9: =IFERROR(Z9-AA9,0) -> 0 | AC9: =IF(X9=1,V8,IF(AF8>0,AC8,"")) | AD9: =IF(X9=1,MAX(0,MIN(Settings!$B$6-Z9,(IFERROR(VLOOKUP(V8,'Bucket Status'!$A$4:$B$75,2,FALSE()),0)-(SUMIF($U$5:$U8,V8,$AK$5:$AK8)+SUMIF($V$5:$V8,V8,$AL$5:$AL8)+SUMIF($Y$5:$Y8,V8,$AA$5:$AA8)+SUMIF($AC$5:$AC8,V8,$AE$5:$AE8))))),IF(AF8>0,AF8,0)) -> 0 | AE9: =IFERROR(IF(I9="",0,MAX(0,MIN(AD9,I9-AA9))),0) -> 0 | AF9: =IFERROR(AD9-AE9,0) -> 0 | AG9: =IFERROR(IF(C9="Y",Settings!$B$4+Settings!$B$5,0),0) -> 0 | AH9: =IFERROR(IF(U9="","",IFERROR(VLOOKUP(U9,'Bucket Status'!$A$4:$B$75,2,FALSE()),0)-(SUMIF($U$5:$U8,U9,$AK$5:$AK8)+SUMIF($V$5:$V8,U9,$AL$5:$AL8)+SUMIF($Y$5:$Y8,U9,$AA$5:$AA8)+SUMIF($AC$5:$AC8,U9,$AE$5:$AE8))),"") -> 0 | AI9: =IFERROR(IF(V9="","",IFERROR(VLOOKUP(V9,'Bucket Status'!$A$4:$B$75,2,FALSE()),0)-(SUMIF($U$5:$U8,V9,$AK$5:$AK8)+SUMIF($V$5:$V8,V9,$AL$5:$AL8)+SUMIF($Y$5:$Y8,V9,$AA$5:$AA8)+SUMIF($AC$5:$AC8,V9,$AE$5:$AE8))),"") -> 4.05 | AJ9: =IFERROR(IF(AH9="","",AH9+IF(AI9="",0,AI9)),"") -> 4.05 | AK9: =IFERROR(IF(I9="","",IF(U9="",0,IF(V9="",(I9-AA9-AE9),MIN(AH9,(I9-AA9-AE9))))),"") -> 0 | AL9: =IFERROR(IF(I9="","",IF(V9="",0,MAX(0,(I9-AA9-AE9)-AK9))),"") -> 1.92
A10: B-2766 | B10: 46289 | H10: 1.5 | I10: =IFERROR(IF(H10="","",H10+AG10),"") -> 1.5 | J10: =IFERROR(IF(OR(I10="",AJ10=""),"",AJ10-(AK10+AL10)),"") -> 0.63 | K10: =IF(AND(AA10>0,AE10>0),TEXT(AA10,"0.000")&" kg "&Y10&" (funnel)"&" + "&TEXT(AE10,"0.000")&" kg "&AC10&" (funnel)",IF(AA10>0,TEXT(AA10,"0.000")&" kg "&Y10&" (funnel)",IF(AE10>0,TEXT(AE10,"0.000")&" kg "&AC10&" (funnel)",""))) | L10: =IF(OR(AK10="",AK10=0,U10=""),"",TEXT(AK10,"0.000")&" kg "&U10) | M10: =IF(OR(AL10="",AL10=0,V10=""),"",TEXT(AL10,"0.000")&" kg "&V10) -> 1.500 kg M1D- | N10: =IF(OR(I10="",U10=""),"",TEXT(MAX(0,(AH10-AK10-IF(Y10=U10,AA10,0)-IF(AC10=U10,AE10,0))),"0.000")&" kg "&U10) -> 0.000 kg M1C- | O10: =IF(OR(I10="",V10=""),"",TEXT(MAX(0,(AI10-AL10-IF(Y10=V10,AA10,0)-IF(AC10=V10,AE10,0))),"0.000")&" kg "&V10) -> 0.630 kg M1D- | P10: FAIL ADJUSTED USE | Q10: =IF($A10="","",IF(D10="",Q9,D10)) -> M1 | R10: =IF($A10="","",IF(E10="",R9,E10)) -> C | S10: =IF($A10="","",IF(F10="",S9,F10)) -> M1 | T10: =IF($A10="","",IF(G10="",T9,G10)) -> D | U10: =IF(OR(Q10="",R10=""),"",Q10&R10&"-") -> M1C- | V10: =IF(OR(S10="",T10=""),"",S10&T10&"-") -> M1D- | W10: =IF(AND(U10<>"",U9<>"",U10<>U9),1,0) -> 0 | X10: =IF(AND(V10<>"",V9<>"",V10<>V9),1,0) -> 0 | Y10: =IF(W10=1,U9,IF(AB9>0,Y9,"")) | Z10: =IF(W10=1,MAX(0,MIN(Settings!$B$6,(IFERROR(VLOOKUP(U9,'Bucket Status'!$A$4:$B$75,2,FALSE()),0)-(SUMIF($U$5:$U9,U9,$AK$5:$AK9)+SUMIF($V$5:$V9,U9,$AL$5:$AL9)+SUMIF($Y$5:$Y9,U9,$AA$5:$AA9)+SUMIF($AC$5:$AC9,U9,$AE$5:$AE9))))),IF(AB9>0,AB9,0)) -> 0 | AA10: =IFERROR(IF(I10="",0,MAX(0,MIN(Z10,I10))),0) -> 0 | AB10: =IFERROR(Z10-AA10,0) -> 0 | AC10: =IF(X10=1,V9,IF(AF9>0,AC9,"")) | AD10: =IF(X10=1,MAX(0,MIN(Settings!$B$6-Z10,(IFERROR(VLOOKUP(V9,'Bucket Status'!$A$4:$B$75,2,FALSE()),0)-(SUMIF($U$5:$U9,V9,$AK$5:$AK9)+SUMIF($V$5:$V9,V9,$AL$5:$AL9)+SUMIF($Y$5:$Y9,V9,$AA$5:$AA9)+SUMIF($AC$5:$AC9,V9,$AE$5:$AE9))))),IF(AF9>0,AF9,0)) -> 0 | AE10: =IFERROR(IF(I10="",0,MAX(0,MIN(AD10,I10-AA10))),0) -> 0 | AF10: =IFERROR(AD10-AE10,0) -> 0 | AG10: =IFERROR(IF(C10="Y",Settings!$B$4+Settings!$B$5,0),0) -> 0 | AH10: =IFERROR(IF(U10="","",IFERROR(VLOOKUP(U10,'Bucket Status'!$A$4:$B$75,2,FALSE()),0)-(SUMIF($U$5:$U9,U10,$AK$5:$AK9)+SUMIF($V$5:$V9,U10,$AL$5:$AL9)+SUMIF($Y$5:$Y9,U10,$AA$5:$AA9)+SUMIF($AC$5:$AC9,U10,$AE$5:$AE9))),"") -> 0 | AI10: =IFERROR(IF(V10="","",IFERROR(VLOOKUP(V10,'Bucket Status'!$A$4:$B$75,2,FALSE()),0)-(SUMIF($U$5:$U9,V10,$AK$5:$AK9)+SUMIF($V$5:$V9,V10,$AL$5:$AL9)+SUMIF($Y$5:$Y9,V10,$AA$5:$AA9)+SUMIF($AC$5:$AC9,V10,$AE$5:$AE9))),"") -> 2.13 | AJ10: =IFERROR(IF(AH10="","",AH10+IF(AI10="",0,AI10)),"") -> 2.13 | AK10: =IFERROR(IF(I10="","",IF(U10="",0,IF(V10="",(I10-AA10-AE10),MIN(AH10,(I10-AA10-AE10))))),"") -> 0 | AL10: =IFERROR(IF(I10="","",IF(V10="",0,MAX(0,(I10-AA10-AE10)-AK10))),"") -> 1.5
A11: B-2766 | B11: 46290 | D11: M2 | E11: A | F11: M2 | G11: B | H11: 2.5 | I11: =IFERROR(IF(H11="","",H11+AG11),"") -> 2.5 | J11: =IFERROR(IF(OR(I11="",AJ11=""),"",AJ11-(AK11+AL11)),"") -> 8.13 | K11: =IF(AND(AA11>0,AE11>0),TEXT(AA11,"0.000")&" kg "&Y11&" (funnel)"&" + "&TEXT(AE11,"0.000")&" kg "&AC11&" (funnel)",IF(AA11>0,TEXT(AA11,"0.000")&" kg "&Y11&" (funnel)",IF(AE11>0,TEXT(AE11,"0.000")&" kg "&AC11&" (funnel)",""))) -> 0.630 kg M1D- (funnel) | L11: =IF(OR(AK11="",AK11=0,U11=""),"",TEXT(AK11,"0.000")&" kg "&U11) -> 1.870 kg M2A- | M11: =IF(OR(AL11="",AL11=0,V11=""),"",TEXT(AL11,"0.000")&" kg "&V11) | N11: =IF(OR(I11="",U11=""),"",TEXT(MAX(0,(AH11-AK11-IF(Y11=U11,AA11,0)-IF(AC11=U11,AE11,0))),"0.000")&" kg "&U11) -> 3.180 kg M2A- | O11: =IF(OR(I11="",V11=""),"",TEXT(MAX(0,(AI11-AL11-IF(Y11=V11,AA11,0)-IF(AC11=V11,AE11,0))),"0.000")&" kg "&V11) -> 4.950 kg M2B- | Q11: =IF($A11="","",IF(D11="",Q10,D11)) -> M2 | R11: =IF($A11="","",IF(E11="",R10,E11)) -> A | S11: =IF($A11="","",IF(F11="",S10,F11)) -> M2 | T11: =IF($A11="","",IF(G11="",T10,G11)) -> B | U11: =IF(OR(Q11="",R11=""),"",Q11&R11&"-") -> M2A- | V11: =IF(OR(S11="",T11=""),"",S11&T11&"-") -> M2B- | W11: =IF(AND(U11<>"",U10<>"",U11<>U10),1,0) -> 1 | X11: =IF(AND(V11<>"",V10<>"",V11<>V10),1,0) -> 1 | Y11: =IF(W11=1,U10,IF(AB10>0,Y10,"")) -> M1C- | Z11: =IF(W11=1,MAX(0,MIN(Settings!$B$6,(IFERROR(VLOOKUP(U10,'Bucket Status'!$A$4:$B$75,2,FALSE()),0)-(SUMIF($U$5:$U10,U10,$AK$5:$AK10)+SUMIF($V$5:$V10,U10,$AL$5:$AL10)+SUMIF($Y$5:$Y10,U10,$AA$5:$AA10)+SUMIF($AC$5:$AC10,U10,$AE$5:$AE10))))),IF(AB10>0,AB10,0)) -> 0 | AA11: =IFERROR(IF(I11="",0,MAX(0,MIN(Z11,I11))),0) -> 0 | AB11: =IFERROR(Z11-AA11,0) -> 0 | AC11: =IF(X11=1,V10,IF(AF10>0,AC10,"")) -> M1D- | AD11: =IF(X11=1,MAX(0,MIN(Settings!$B$6-Z11,(IFERROR(VLOOKUP(V10,'Bucket Status'!$A$4:$B$75,2,FALSE()),0)-(SUMIF($U$5:$U10,V10,$AK$5:$AK10)+SUMIF($V$5:$V10,V10,$AL$5:$AL10)+SUMIF($Y$5:$Y10,V10,$AA$5:$AA10)+SUMIF($AC$5:$AC10,V10,$AE$5:$AE10))))),IF(AF10>0,AF10,0)) -> 0.63 | AE11: =IFERROR(IF(I11="",0,MAX(0,MIN(AD11,I11-AA11))),0) -> 0.63 | AF11: =IFERROR(AD11-AE11,0) -> 0 | AG11: =IFERROR(IF(C11="Y",Settings!$B$4+Settings!$B$5,0),0) -> 0 | AH11: =IFERROR(IF(U11="","",IFERROR(VLOOKUP(U11,'Bucket Status'!$A$4:$B$75,2,FALSE()),0)-(SUMIF($U$5:$U10,U11,$AK$5:$AK10)+SUMIF($V$5:$V10,U11,$AL$5:$AL10)+SUMIF($Y$5:$Y10,U11,$AA$5:$AA10)+SUMIF($AC$5:$AC10,U11,$AE$5:$AE10))),"") -> 5.05 | AI11: =IFERROR(IF(V11="","",IFERROR(VLOOKUP(V11,'Bucket Status'!$A$4:$B$75,2,FALSE()),0)-(SUMIF($U$5:$U10,V11,$AK$5:$AK10)+SUMIF($V$5:$V10,V11,$AL$5:$AL10)+SUMIF($Y$5:$Y10,V11,$AA$5:$AA10)+SUMIF($AC$5:$AC10,V11,$AE$5:$AE10))),"") -> 4.95 | AJ11: =IFERROR(IF(AH11="","",AH11+IF(AI11="",0,AI11)),"") -> 10 | AK11: =IFERROR(IF(I11="","",IF(U11="",0,IF(V11="",(I11-AA11-AE11),MIN(AH11,(I11-AA11-AE11))))),"") -> 1.87 | AL11: =IFERROR(IF(I11="","",IF(V11="",0,MAX(0,(I11-AA11-AE11)-AK11))),"") -> 0
A12: B-2769 | B12: 46293 | H12: 3.97 | I12: =IFERROR(IF(H12="","",H12+AG12),"") -> 3.97 | J12: =IFERROR(IF(OR(I12="",AJ12=""),"",AJ12-(AK12+AL12)),"") -> 4.16 | K12: =IF(AND(AA12>0,AE12>0),TEXT(AA12,"0.000")&" kg "&Y12&" (funnel)"&" + "&TEXT(AE12,"0.000")&" kg "&AC12&" (funnel)",IF(AA12>0,TEXT(AA12,"0.000")&" kg "&Y12&" (funnel)",IF(AE12>0,TEXT(AE12,"0.000")&" kg "&AC12&" (funnel)",""))) | L12: =IF(OR(AK12="",AK12=0,U12=""),"",TEXT(AK12,"0.000")&" kg "&U12) -> 3.180 kg M2A- | M12: =IF(OR(AL12="",AL12=0,V12=""),"",TEXT(AL12,"0.000")&" kg "&V12) -> 0.790 kg M2B- | N12: =IF(OR(I12="",U12=""),"",TEXT(MAX(0,(AH12-AK12-IF(Y12=U12,AA12,0)-IF(AC12=U12,AE12,0))),"0.000")&" kg "&U12) -> 0.000 kg M2A- | O12: =IF(OR(I12="",V12=""),"",TEXT(MAX(0,(AI12-AL12-IF(Y12=V12,AA12,0)-IF(AC12=V12,AE12,0))),"0.000")&" kg "&V12) -> 4.160 kg M2B- | Q12: =IF($A12="","",IF(D12="",Q11,D12)) -> M2 | R12: =IF($A12="","",IF(E12="",R11,E12)) -> A | S12: =IF($A12="","",IF(F12="",S11,F12)) -> M2 | T12: =IF($A12="","",IF(G12="",T11,G12)) -> B | U12: =IF(OR(Q12="",R12=""),"",Q12&R12&"-") -> M2A- | V12: =IF(OR(S12="",T12=""),"",S12&T12&"-") -> M2B- | W12: =IF(AND(U12<>"",U11<>"",U12<>U11),1,0) -> 0 | X12: =IF(AND(V12<>"",V11<>"",V12<>V11),1,0) -> 0 | Y12: =IF(W12=1,U11,IF(AB11>0,Y11,"")) | Z12: =IF(W12=1,MAX(0,MIN(Settings!$B$6,(IFERROR(VLOOKUP(U11,'Bucket Status'!$A$4:$B$75,2,FALSE()),0)-(SUMIF($U$5:$U11,U11,$AK$5:$AK11)+SUMIF($V$5:$V11,U11,$AL$5:$AL11)+SUMIF($Y$5:$Y11,U11,$AA$5:$AA11)+SUMIF($AC$5:$AC11,U11,$AE$5:$AE11))))),IF(AB11>0,AB11,0)) -> 0 | AA12: =IFERROR(IF(I12="",0,MAX(0,MIN(Z12,I12))),0) -> 0 | AB12: =IFERROR(Z12-AA12,0) -> 0 | AC12: =IF(X12=1,V11,IF(AF11>0,AC11,"")) | AD12: =IF(X12=1,MAX(0,MIN(Settings!$B$6-Z12,(IFERROR(VLOOKUP(V11,'Bucket Status'!$A$4:$B$75,2,FALSE()),0)-(SUMIF($U$5:$U11,V11,$AK$5:$AK11)+SUMIF($V$5:$V11,V11,$AL$5:$AL11)+SUMIF($Y$5:$Y11,V11,$AA$5:$AA11)+SUMIF($AC$5:$AC11,V11,$AE$5:$AE11))))),IF(AF11>0,AF11,0)) -> 0 | AE12: =IFERROR(IF(I12="",0,MAX(0,MIN(AD12,I12-AA12))),0) -> 0 | AF12: =IFERROR(AD12-AE12,0) -> 0 | AG12: =IFERROR(IF(C12="Y",Settings!$B$4+Settings!$B$5,0),0) -> 0 | AH12: =IFERROR(IF(U12="","",IFERROR(VLOOKUP(U12,'Bucket Status'!$A$4:$B$75,2,FALSE()),0)-(SUMIF($U$5:$U11,U12,$AK$5:$AK11)+SUMIF($V$5:$V11,U12,$AL$5:$AL11)+SUMIF($Y$5:$Y11,U12,$AA$5:$AA11)+SUMIF($AC$5:$AC11,U12,$AE$5:$AE11))),"") -> 3.18 | AI12: =IFERROR(IF(V12="","",IFERROR(VLOOKUP(V12,'Bucket Status'!$A$4:$B$75,2,FALSE()),0)-(SUMIF($U$5:$U11,V12,$AK$5:$AK11)+SUMIF($V$5:$V11,V12,$AL$5:$AL11)+SUMIF($Y$5:$Y11,V12,$AA$5:$AA11)+SUMIF($AC$5:$AC11,V12,$AE$5:$AE11))),"") -> 4.95 | AJ12: =IFERROR(IF(AH12="","",AH12+IF(AI12="",0,AI12)),"") -> 8.13 | AK12: =IFERROR(IF(I12="","",IF(U12="",0,IF(V12="",(I12-AA12-AE12),MIN(AH12,(I12-AA12-AE12))))),"") -> 3.18 | AL12: =IFERROR(IF(I12="","",IF(V12="",0,MAX(0,(I12-AA12-AE12)-AK12))),"") -> 0.79
A13: B-2772 | B13: 46295 | H13: 2.2 | I13: =IFERROR(IF(H13="","",H13+AG13),"") -> 2.2 | J13: =IFERROR(IF(OR(I13="",AJ13=""),"",AJ13-(AK13+AL13)),"") -> 1.96 | K13: =IF(AND(AA13>0,AE13>0),TEXT(AA13,"0.000")&" kg "&Y13&" (funnel)"&" + "&TEXT(AE13,"0.000")&" kg "&AC13&" (funnel)",IF(AA13>0,TEXT(AA13,"0.000")&" kg "&Y13&" (funnel)",IF(AE13>0,TEXT(AE13,"0.000")&" kg "&AC13&" (funnel)",""))) | L13: =IF(OR(AK13="",AK13=0,U13=""),"",TEXT(AK13,"0.000")&" kg "&U13) | M13: =IF(OR(AL13="",AL13=0,V13=""),"",TEXT(AL13,"0.000")&" kg "&V13) -> 2.200 kg M2B- | N13: =IF(OR(I13="",U13=""),"",TEXT(MAX(0,(AH13-AK13-IF(Y13=U13,AA13,0)-IF(AC13=U13,AE13,0))),"0.000")&" kg "&U13) -> 0.000 kg M2A- | O13: =IF(OR(I13="",V13=""),"",TEXT(MAX(0,(AI13-AL13-IF(Y13=V13,AA13,0)-IF(AC13=V13,AE13,0))),"0.000")&" kg "&V13) -> 1.960 kg M2B- | Q13: =IF($A13="","",IF(D13="",Q12,D13)) -> M2 | R13: =IF($A13="","",IF(E13="",R12,E13)) -> A | S13: =IF($A13="","",IF(F13="",S12,F13)) -> M2 | T13: =IF($A13="","",IF(G13="",T12,G13)) -> B | U13: =IF(OR(Q13="",R13=""),"",Q13&R13&"-") -> M2A- | V13: =IF(OR(S13="",T13=""),"",S13&T13&"-") -> M2B- | W13: =IF(AND(U13<>"",U12<>"",U13<>U12),1,0) -> 0 | X13: =IF(AND(V13<>"",V12<>"",V13<>V12),1,0) -> 0 | Y13: =IF(W13=1,U12,IF(AB12>0,Y12,"")) | Z13: =IF(W13=1,MAX(0,MIN(Settings!$B$6,(IFERROR(VLOOKUP(U12,'Bucket Status'!$A$4:$B$75,2,FALSE()),0)-(SUMIF($U$5:$U12,U12,$AK$5:$AK12)+SUMIF($V$5:$V12,U12,$AL$5:$AL12)+SUMIF($Y$5:$Y12,U12,$AA$5:$AA12)+SUMIF($AC$5:$AC12,U12,$AE$5:$AE12))))),IF(AB12>0,AB12,0)) -> 0 | AA13: =IFERROR(IF(I13="",0,MAX(0,MIN(Z13,I13))),0) -> 0 | AB13: =IFERROR(Z13-AA13,0) -> 0 | AC13: =IF(X13=1,V12,IF(AF12>0,AC12,"")) | AD13: =IF(X13=1,MAX(0,MIN(Settings!$B$6-Z13,(IFERROR(VLOOKUP(V12,'Bucket Status'!$A$4:$B$75,2,FALSE()),0)-(SUMIF($U$5:$U12,V12,$AK$5:$AK12)+SUMIF($V$5:$V12,V12,$AL$5:$AL12)+SUMIF($Y$5:$Y12,V12,$AA$5:$AA12)+SUMIF($AC$5:$AC12,V12,$AE$5:$AE12))))),IF(AF12>0,AF12,0)) -> 0 | AE13: =IFERROR(IF(I13="",0,MAX(0,MIN(AD13,I13-AA13))),0) -> 0 | AF13: =IFERROR(AD13-AE13,0) -> 0 | AG13: =IFERROR(IF(C13="Y",Settings!$B$4+Settings!$B$5,0),0) -> 0 | AH13: =IFERROR(IF(U13="","",IFERROR(VLOOKUP(U13,'Bucket Status'!$A$4:$B$75,2,FALSE()),0)-(SUMIF($U$5:$U12,U13,$AK$5:$AK12)+SUMIF($V$5:$V12,U13,$AL$5:$AL12)+SUMIF($Y$5:$Y12,U13,$AA$5:$AA12)+SUMIF($AC$5:$AC12,U13,$AE$5:$AE12))),"") -> 0 | AI13: =IFERROR(IF(V13="","",IFERROR(VLOOKUP(V13,'Bucket Status'!$A$4:$B$75,2,FALSE()),0)-(SUMIF($U$5:$U12,V13,$AK$5:$AK12)+SUMIF($V$5:$V12,V13,$AL$5:$AL12)+SUMIF($Y$5:$Y12,V13,$AA$5:$AA12)+SUMIF($AC$5:$AC12,V13,$AE$5:$AE12))),"") -> 4.16 | AJ13: =IFERROR(IF(AH13="","",AH13+IF(AI13="",0,AI13)),"") -> 4.16 | AK13: =IFERROR(IF(I13="","",IF(U13="",0,IF(V13="",(I13-AA13-AE13),MIN(AH13,(I13-AA13-AE13))))),"") -> 0 | AL13: =IFERROR(IF(I13="","",IF(V13="",0,MAX(0,(I13-AA13-AE13)-AK13))),"") -> 2.2
A14: B-2775 | B14: 46297 | D14: M2 | E14: C | H14: 3.6 | I14: =IFERROR(IF(H14="","",H14+AG14),"") -> 3.6 | J14: =IFERROR(IF(OR(I14="",AJ14=""),"",AJ14-(AK14+AL14)),"") -> 3.45 | K14: =IF(AND(AA14>0,AE14>0),TEXT(AA14,"0.000")&" kg "&Y14&" (funnel)"&" + "&TEXT(AE14,"0.000")&" kg "&AC14&" (funnel)",IF(AA14>0,TEXT(AA14,"0.000")&" kg "&Y14&" (funnel)",IF(AE14>0,TEXT(AE14,"0.000")&" kg "&AC14&" (funnel)",""))) | L14: =IF(OR(AK14="",AK14=0,U14=""),"",TEXT(AK14,"0.000")&" kg "&U14) -> 3.600 kg M2C- | M14: =IF(OR(AL14="",AL14=0,V14=""),"",TEXT(AL14,"0.000")&" kg "&V14) | N14: =IF(OR(I14="",U14=""),"",TEXT(MAX(0,(AH14-AK14-IF(Y14=U14,AA14,0)-IF(AC14=U14,AE14,0))),"0.000")&" kg "&U14) -> 1.490 kg M2C- | O14: =IF(OR(I14="",V14=""),"",TEXT(MAX(0,(AI14-AL14-IF(Y14=V14,AA14,0)-IF(AC14=V14,AE14,0))),"0.000")&" kg "&V14) -> 1.960 kg M2B- | Q14: =IF($A14="","",IF(D14="",Q13,D14)) -> M2 | R14: =IF($A14="","",IF(E14="",R13,E14)) -> C | S14: =IF($A14="","",IF(F14="",S13,F14)) -> M2 | T14: =IF($A14="","",IF(G14="",T13,G14)) -> B | U14: =IF(OR(Q14="",R14=""),"",Q14&R14&"-") -> M2C- | V14: =IF(OR(S14="",T14=""),"",S14&T14&"-") -> M2B- | W14: =IF(AND(U14<>"",U13<>"",U14<>U13),1,0) -> 1 | X14: =IF(AND(V14<>"",V13<>"",V14<>V13),1,0) -> 0 | Y14: =IF(W14=1,U13,IF(AB13>0,Y13,"")) -> M2A- | Z14: =IF(W14=1,MAX(0,MIN(Settings!$B$6,(IFERROR(VLOOKUP(U13,'Bucket Status'!$A$4:$B$75,2,FALSE()),0)-(SUMIF($U$5:$U13,U13,$AK$5:$AK13)+SUMIF($V$5:$V13,U13,$AL$5:$AL13)+SUMIF($Y$5:$Y13,U13,$AA$5:$AA13)+SUMIF($AC$5:$AC13,U13,$AE$5:$AE13))))),IF(AB13>0,AB13,0)) -> 0 | AA14: =IFERROR(IF(I14="",0,MAX(0,MIN(Z14,I14))),0) -> 0 | AB14: =IFERROR(Z14-AA14,0) -> 0 | AC14: =IF(X14=1,V13,IF(AF13>0,AC13,"")) | AD14: =IF(X14=1,MAX(0,MIN(Settings!$B$6-Z14,(IFERROR(VLOOKUP(V13,'Bucket Status'!$A$4:$B$75,2,FALSE()),0)-(SUMIF($U$5:$U13,V13,$AK$5:$AK13)+SUMIF($V$5:$V13,V13,$AL$5:$AL13)+SUMIF($Y$5:$Y13,V13,$AA$5:$AA13)+SUMIF($AC$5:$AC13,V13,$AE$5:$AE13))))),IF(AF13>0,AF13,0)) -> 0 | AE14: =IFERROR(IF(I14="",0,MAX(0,MIN(AD14,I14-AA14))),0) -> 0 | AF14: =IFERROR(AD14-AE14,0) -> 0 | AG14: =IFERROR(IF(C14="Y",Settings!$B$4+Settings!$B$5,0),0) -> 0 | AH14: =IFERROR(IF(U14="","",IFERROR(VLOOKUP(U14,'Bucket Status'!$A$4:$B$75,2,FALSE()),0)-(SUMIF($U$5:$U13,U14,$AK$5:$AK13)+SUMIF($V$5:$V13,U14,$AL$5:$AL13)+SUMIF($Y$5:$Y13,U14,$AA$5:$AA13)+SUMIF($AC$5:$AC13,U14,$AE$5:$AE13))),"") -> 5.09 | AI14: =IFERROR(IF(V14="","",IFERROR(VLOOKUP(V14,'Bucket Status'!$A$4:$B$75,2,FALSE()),0)-(SUMIF($U$5:$U13,V14,$AK$5:$AK13)+SUMIF($V$5:$V13,V14,$AL$5:$AL13)+SUMIF($Y$5:$Y13,V14,$AA$5:$AA13)+SUMIF($AC$5:$AC13,V14,$AE$5:$AE13))),"") -> 1.96 | AJ14: =IFERROR(IF(AH14="","",AH14+IF(AI14="",0,AI14)),"") -> 7.05 | AK14: =IFERROR(IF(I14="","",IF(U14="",0,IF(V14="",(I14-AA14-AE14),MIN(AH14,(I14-AA14-AE14))))),"") -> 3.6 | AL14: =IFERROR(IF(I14="","",IF(V14="",0,MAX(0,(I14-AA14-AE14)-AK14))),"") -> 0
A15: B-2778 | B15: 46300 | F15: M2 | G15: D | H15: 4.24 | I15: =IFERROR(IF(H15="","",H15+AG15),"") -> 4.24 | J15: =IFERROR(IF(OR(I15="",AJ15=""),"",AJ15-(AK15+AL15)),"") -> 3.99 | K15: =IF(AND(AA15>0,AE15>0),TEXT(AA15,"0.000")&" kg "&Y15&" (funnel)"&" + "&TEXT(AE15,"0.000")&" kg "&AC15&" (funnel)",IF(AA15>0,TEXT(AA15,"0.000")&" kg "&Y15&" (funnel)",IF(AE15>0,TEXT(AE15,"0.000")&" kg "&AC15&" (funnel)",""))) -> 1.960 kg M2B- (funnel) | L15: =IF(OR(AK15="",AK15=0,U15=""),"",TEXT(AK15,"0.000")&" kg "&U15) -> 1.490 kg M2C- | M15: =IF(OR(AL15="",AL15=0,V15=""),"",TEXT(AL15,"0.000")&" kg "&V15) -> 0.790 kg M2D- | N15: =IF(OR(I15="",U15=""),"",TEXT(MAX(0,(AH15-AK15-IF(Y15=U15,AA15,0)-IF(AC15=U15,AE15,0))),"0.000")&" kg "&U15) -> 0.000 kg M2C- | O15: =IF(OR(I15="",V15=""),"",TEXT(MAX(0,(AI15-AL15-IF(Y15=V15,AA15,0)-IF(AC15=V15,AE15,0))),"0.000")&" kg "&V15) -> 3.990 kg M2D- | Q15: =IF($A15="","",IF(D15="",Q14,D15)) -> M2 | R15: =IF($A15="","",IF(E15="",R14,E15)) -> C | S15: =IF($A15="","",IF(F15="",S14,F15)) -> M2 | T15: =IF($A15="","",IF(G15="",T14,G15)) -> D | U15: =IF(OR(Q15="",R15=""),"",Q15&R15&"-") -> M2C- | V15: =IF(OR(S15="",T15=""),"",S15&T15&"-") -> M2D- | W15: =IF(AND(U15<>"",U14<>"",U15<>U14),1,0) -> 0 | X15: =IF(AND(V15<>"",V14<>"",V15<>V14),1,0) -> 1 | Y15: =IF(W15=1,U14,IF(AB14>0,Y14,"")) | Z15: =IF(W15=1,MAX(0,MIN(Settings!$B$6,(IFERROR(VLOOKUP(U14,'Bucket Status'!$A$4:$B$75,2,FALSE()),0)-(SUMIF($U$5:$U14,U14,$AK$5:$AK14)+SUMIF($V$5:$V14,U14,$AL$5:$AL14)+SUMIF($Y$5:$Y14,U14,$AA$5:$AA14)+SUMIF($AC$5:$AC14,U14,$AE$5:$AE14))))),IF(AB14>0,AB14,0)) -> 0 | AA15: =IFERROR(IF(I15="",0,MAX(0,MIN(Z15,I15))),0) -> 0 | AB15: =IFERROR(Z15-AA15,0) -> 0 | AC15: =IF(X15=1,V14,IF(AF14>0,AC14,"")) -> M2B- | AD15: =IF(X15=1,MAX(0,MIN(Settings!$B$6-Z15,(IFERROR(VLOOKUP(V14,'Bucket Status'!$A$4:$B$75,2,FALSE()),0)-(SUMIF($U$5:$U14,V14,$AK$5:$AK14)+SUMIF($V$5:$V14,V14,$AL$5:$AL14)+SUMIF($Y$5:$Y14,V14,$AA$5:$AA14)+SUMIF($AC$5:$AC14,V14,$AE$5:$AE14))))),IF(AF14>0,AF14,0)) -> 1.96 | AE15: =IFERROR(IF(I15="",0,MAX(0,MIN(AD15,I15-AA15))),0) -> 1.96 | AF15: =IFERROR(AD15-AE15,0) -> 0 | AG15: =IFERROR(IF(C15="Y",Settings!$B$4+Settings!$B$5,0),0) -> 0 | AH15: =IFERROR(IF(U15="","",IFERROR(VLOOKUP(U15,'Bucket Status'!$A$4:$B$75,2,FALSE()),0)-(SUMIF($U$5:$U14,U15,$AK$5:$AK14)+SUMIF($V$5:$V14,U15,$AL$5:$AL14)+SUMIF($Y$5:$Y14,U15,$AA$5:$AA14)+SUMIF($AC$5:$AC14,U15,$AE$5:$AE14))),"") -> 1.49 | AI15: =IFERROR(IF(V15="","",IFERROR(VLOOKUP(V15,'Bucket Status'!$A$4:$B$75,2,FALSE()),0)-(SUMIF($U$5:$U14,V15,$AK$5:$AK14)+SUMIF($V$5:$V14,V15,$AL$5:$AL14)+SUMIF($Y$5:$Y14,V15,$AA$5:$AA14)+SUMIF($AC$5:$AC14,V15,$AE$5:$AE14))),"") -> 4.78 | AJ15: =IFERROR(IF(AH15="","",AH15+IF(AI15="",0,AI15)),"") -> 6.27 | AK15: =IFERROR(IF(I15="","",IF(U15="",0,IF(V15="",(I15-AA15-AE15),MIN(AH15,(I15-AA15-AE15))))),"") -> 1.49 | AL15: =IFERROR(IF(I15="","",IF(V15="",0,MAX(0,(I15-AA15-AE15)-AK15))),"") -> 0.79
A16: B-2781 | B16: 46301 | D16: M3 | E16: A | H16: 3.5 | I16: =IFERROR(IF(H16="","",H16+AG16),"") -> 3.5 | J16: =IFERROR(IF(OR(I16="",AJ16=""),"",AJ16-(AK16+AL16)),"") -> 5.49 | K16: =IF(AND(AA16>0,AE16>0),TEXT(AA16,"0.000")&" kg "&Y16&" (funnel)"&" + "&TEXT(AE16,"0.000")&" kg "&AC16&" (funnel)",IF(AA16>0,TEXT(AA16,"0.000")&" kg "&Y16&" (funnel)",IF(AE16>0,TEXT(AE16,"0.000")&" kg "&AC16&" (funnel)",""))) | L16: =IF(OR(AK16="",AK16=0,U16=""),"",TEXT(AK16,"0.000")&" kg "&U16) -> 3.500 kg M3A- | M16: =IF(OR(AL16="",AL16=0,V16=""),"",TEXT(AL16,"0.000")&" kg "&V16) | N16: =IF(OR(I16="",U16=""),"",TEXT(MAX(0,(AH16-AK16-IF(Y16=U16,AA16,0)-IF(AC16=U16,AE16,0))),"0.000")&" kg "&U16) -> 1.500 kg M3A- | O16: =IF(OR(I16="",V16=""),"",TEXT(MAX(0,(AI16-AL16-IF(Y16=V16,AA16,0)-IF(AC16=V16,AE16,0))),"0.000")&" kg "&V16) -> 3.990 kg M2D- | Q16: =IF($A16="","",IF(D16="",Q15,D16)) -> M3 | R16: =IF($A16="","",IF(E16="",R15,E16)) -> A | S16: =IF($A16="","",IF(F16="",S15,F16)) -> M2 | T16: =IF($A16="","",IF(G16="",T15,G16)) -> D | U16: =IF(OR(Q16="",R16=""),"",Q16&R16&"-") -> M3A- | V16: =IF(OR(S16="",T16=""),"",S16&T16&"-") -> M2D- | W16: =IF(AND(U16<>"",U15<>"",U16<>U15),1,0) -> 1 | X16: =IF(AND(V16<>"",V15<>"",V16<>V15),1,0) -> 0 | Y16: =IF(W16=1,U15,IF(AB15>0,Y15,"")) -> M2C- | Z16: =IF(W16=1,MAX(0,MIN(Settings!$B$6,(IFERROR(VLOOKUP(U15,'Bucket Status'!$A$4:$B$75,2,FALSE()),0)-(SUMIF($U$5:$U15,U15,$AK$5:$AK15)+SUMIF($V$5:$V15,U15,$AL$5:$AL15)+SUMIF($Y$5:$Y15,U15,$AA$5:$AA15)+SUMIF($AC$5:$AC15,U15,$AE$5:$AE15))))),IF(AB15>0,AB15,0)) -> 0 | AA16: =IFERROR(IF(I16="",0,MAX(0,MIN(Z16,I16))),0) -> 0 | AB16: =IFERROR(Z16-AA16,0) -> 0 | AC16: =IF(X16=1,V15,IF(AF15>0,AC15,"")) | AD16: =IF(X16=1,MAX(0,MIN(Settings!$B$6-Z16,(IFERROR(VLOOKUP(V15,'Bucket Status'!$A$4:$B$75,2,FALSE()),0)-(SUMIF($U$5:$U15,V15,$AK$5:$AK15)+SUMIF($V$5:$V15,V15,$AL$5:$AL15)+SUMIF($Y$5:$Y15,V15,$AA$5:$AA15)+SUMIF($AC$5:$AC15,V15,$AE$5:$AE15))))),IF(AF15>0,AF15,0)) -> 0 | AE16: =IFERROR(IF(I16="",0,MAX(0,MIN(AD16,I16-AA16))),0) -> 0 | AF16: =IFERROR(AD16-AE16,0) -> 0 | AG16: =IFERROR(IF(C16="Y",Settings!$B$4+Settings!$B$5,0),0) -> 0 | AH16: =IFERROR(IF(U16="","",IFERROR(VLOOKUP(U16,'Bucket Status'!$A$4:$B$75,2,FALSE()),0)-(SUMIF($U$5:$U15,U16,$AK$5:$AK15)+SUMIF($V$5:$V15,U16,$AL$5:$AL15)+SUMIF($Y$5:$Y15,U16,$AA$5:$AA15)+SUMIF($AC$5:$AC15,U16,$AE$5:$AE15))),"") -> 5 | AI16: =IFERROR(IF(V16="","",IFERROR(VLOOKUP(V16,'Bucket Status'!$A$4:$B$75,2,FALSE()),0)-(SUMIF($U$5:$U15,V16,$AK$5:$AK15)+SUMIF($V$5:$V15,V16,$AL$5:$AL15)+SUMIF($Y$5:$Y15,V16,$AA$5:$AA15)+SUMIF($AC$5:$AC15,V16,$AE$5:$AE15))),"") -> 3.99 | AJ16: =IFERROR(IF(AH16="","",AH16+IF(AI16="",0,AI16)),"") -> 8.99 | AK16: =IFERROR(IF(I16="","",IF(U16="",0,IF(V16="",(I16-AA16-AE16),MIN(AH16,(I16-AA16-AE16))))),"") -> 3.5 | AL16: =IFERROR(IF(I16="","",IF(V16="",0,MAX(0,(I16-AA16-AE16)-AK16))),"") -> 0
A17: B-2784 | B17: 46302 | H17: 3.72 | I17: =IFERROR(IF(H17="","",H17+AG17),"") -> 3.72 | J17: =IFERROR(IF(OR(I17="",AJ17=""),"",AJ17-(AK17+AL17)),"") -> 1.77 | K17: =IF(AND(AA17>0,AE17>0),TEXT(AA17,"0.000")&" kg "&Y17&" (funnel)"&" + "&TEXT(AE17,"0.000")&" kg "&AC17&" (funnel)",IF(AA17>0,TEXT(AA17,"0.000")&" kg "&Y17&" (funnel)",IF(AE17>0,TEXT(AE17,"0.000")&" kg "&AC17&" (funnel)",""))) | L17: =IF(OR(AK17="",AK17=0,U17=""),"",TEXT(AK17,"0.000")&" kg "&U17) -> 1.500 kg M3A- | M17: =IF(OR(AL17="",AL17=0,V17=""),"",TEXT(AL17,"0.000")&" kg "&V17) -> 2.220 kg M2D- | N17: =IF(OR(I17="",U17=""),"",TEXT(MAX(0,(AH17-AK17-IF(Y17=U17,AA17,0)-IF(AC17=U17,AE17,0))),"0.000")&" kg "&U17) -> 0.000 kg M3A- | O17: =IF(OR(I17="",V17=""),"",TEXT(MAX(0,(AI17-AL17-IF(Y17=V17,AA17,0)-IF(AC17=V17,AE17,0))),"0.000")&" kg "&V17) -> 1.770 kg M2D- | Q17: =IF($A17="","",IF(D17="",Q16,D17)) -> M3 | R17: =IF($A17="","",IF(E17="",R16,E17)) -> A | S17: =IF($A17="","",IF(F17="",S16,F17)) -> M2 | T17: =IF($A17="","",IF(G17="",T16,G17)) -> D | U17: =IF(OR(Q17="",R17=""),"",Q17&R17&"-") -> M3A- | V17: =IF(OR(S17="",T17=""),"",S17&T17&"-") -> M2D- | W17: =IF(AND(U17<>"",U16<>"",U17<>U16),1,0) -> 0 | X17: =IF(AND(V17<>"",V16<>"",V17<>V16),1,0) -> 0 | Y17: =IF(W17=1,U16,IF(AB16>0,Y16,"")) | Z17: =IF(W17=1,MAX(0,MIN(Settings!$B$6,(IFERROR(VLOOKUP(U16,'Bucket Status'!$A$4:$B$75,2,FALSE()),0)-(SUMIF($U$5:$U16,U16,$AK$5:$AK16)+SUMIF($V$5:$V16,U16,$AL$5:$AL16)+SUMIF($Y$5:$Y16,U16,$AA$5:$AA16)+SUMIF($AC$5:$AC16,U16,$AE$5:$AE16))))),IF(AB16>0,AB16,0)) -> 0 | AA17: =IFERROR(IF(I17="",0,MAX(0,MIN(Z17,I17))),0) -> 0 | AB17: =IFERROR(Z17-AA17,0) -> 0 | AC17: =IF(X17=1,V16,IF(AF16>0,AC16,"")) | AD17: =IF(X17=1,MAX(0,MIN(Settings!$B$6-Z17,(IFERROR(VLOOKUP(V16,'Bucket Status'!$A$4:$B$75,2,FALSE()),0)-(SUMIF($U$5:$U16,V16,$AK$5:$AK16)+SUMIF($V$5:$V16,V16,$AL$5:$AL16)+SUMIF($Y$5:$Y16,V16,$AA$5:$AA16)+SUMIF($AC$5:$AC16,V16,$AE$5:$AE16))))),IF(AF16>0,AF16,0)) -> 0 | AE17: =IFERROR(IF(I17="",0,MAX(0,MIN(AD17,I17-AA17))),0) -> 0 | AF17: =IFERROR(AD17-AE17,0) -> 0 | AG17: =IFERROR(IF(C17="Y",Settings!$B$4+Settings!$B$5,0),0) -> 0 | AH17: =IFERROR(IF(U17="","",IFERROR(VLOOKUP(U17,'Bucket Status'!$A$4:$B$75,2,FALSE()),0)-(SUMIF($U$5:$U16,U17,$AK$5:$AK16)+SUMIF($V$5:$V16,U17,$AL$5:$AL16)+SUMIF($Y$5:$Y16,U17,$AA$5:$AA16)+SUMIF($AC$5:$AC16,U17,$AE$5:$AE16))),"") -> 1.5 | AI17: =IFERROR(IF(V17="","",IFERROR(VLOOKUP(V17,'Bucket Status'!$A$4:$B$75,2,FALSE()),0)-(SUMIF($U$5:$U16,V17,$AK$5:$AK16)+SUMIF($V$5:$V16,V17,$AL$5:$AL16)+SUMIF($Y$5:$Y16,V17,$AA$5:$AA16)+SUMIF($AC$5:$AC16,V17,$AE$5:$AE16))),"") -> 3.99 | AJ17: =IFERROR(IF(AH17="","",AH17+IF(AI17="",0,AI17)),"") -> 5.49 | AK17: =IFERROR(IF(I17="","",IF(U17="",0,IF(V17="",(I17-AA17-AE17),MIN(AH17,(I17-AA17-AE17))))),"") -> 1.5 | AL17: =IFERROR(IF(I17="","",IF(V17="",0,MAX(0,(I17-AA17-AE17)-AK17))),"") -> 2.22
A18: B-2785 | B18: 46303 | D18: M3 | E18: B | H18: 4.66 | I18: =IFERROR(IF(H18="","",H18+AG18),"") -> 4.66 | J18: =IFERROR(IF(OR(I18="",AJ18=""),"",AJ18-(AK18+AL18)),"") -> 2.34 | K18: =IF(AND(AA18>0,AE18>0),TEXT(AA18,"0.000")&" kg "&Y18&" (funnel)"&" + "&TEXT(AE18,"0.000")&" kg "&AC18&" (funnel)",IF(AA18>0,TEXT(AA18,"0.000")&" kg "&Y18&" (funnel)",IF(AE18>0,TEXT(AE18,"0.000")&" kg "&AC18&" (funnel)",""))) | L18: =IF(OR(AK18="",AK18=0,U18=""),"",TEXT(AK18,"0.000")&" kg "&U18) -> 4.660 kg M3B- | M18: =IF(OR(AL18="",AL18=0,V18=""),"",TEXT(AL18,"0.000")&" kg "&V18) | N18: =IF(OR(I18="",U18=""),"",TEXT(MAX(0,(AH18-AK18-IF(Y18=U18,AA18,0)-IF(AC18=U18,AE18,0))),"0.000")&" kg "&U18) -> 0.570 kg M3B- | O18: =IF(OR(I18="",V18=""),"",TEXT(MAX(0,(AI18-AL18-IF(Y18=V18,AA18,0)-IF(AC18=V18,AE18,0))),"0.000")&" kg "&V18) -> 1.770 kg M2D- | Q18: =IF($A18="","",IF(D18="",Q17,D18)) -> M3 | R18: =IF($A18="","",IF(E18="",R17,E18)) -> B | S18: =IF($A18="","",IF(F18="",S17,F18)) -> M2 | T18: =IF($A18="","",IF(G18="",T17,G18)) -> D | U18: =IF(OR(Q18="",R18=""),"",Q18&R18&"-") -> M3B- | V18: =IF(OR(S18="",T18=""),"",S18&T18&"-") -> M2D- | W18: =IF(AND(U18<>"",U17<>"",U18<>U17),1,0) -> 1 | X18: =IF(AND(V18<>"",V17<>"",V18<>V17),1,0) -> 0 | Y18: =IF(W18=1,U17,IF(AB17>0,Y17,"")) -> M3A- | Z18: =IF(W18=1,MAX(0,MIN(Settings!$B$6,(IFERROR(VLOOKUP(U17,'Bucket Status'!$A$4:$B$75,2,FALSE()),0)-(SUMIF($U$5:$U17,U17,$AK$5:$AK17)+SUMIF($V$5:$V17,U17,$AL$5:$AL17)+SUMIF($Y$5:$Y17,U17,$AA$5:$AA17)+SUMIF($AC$5:$AC17,U17,$AE$5:$AE17))))),IF(AB17>0,AB17,0)) -> 0 | AA18: =IFERROR(IF(I18="",0,MAX(0,MIN(Z18,I18))),0) -> 0 | AB18: =IFERROR(Z18-AA18,0) -> 0 | AC18: =IF(X18=1,V17,IF(AF17>0,AC17,"")) | AD18: =IF(X18=1,MAX(0,MIN(Settings!$B$6-Z18,(IFERROR(VLOOKUP(V17,'Bucket Status'!$A$4:$B$75,2,FALSE()),0)-(SUMIF($U$5:$U17,V17,$AK$5:$AK17)+SUMIF($V$5:$V17,V17,$AL$5:$AL17)+SUMIF($Y$5:$Y17,V17,$AA$5:$AA17)+SUMIF($AC$5:$AC17,V17,$AE$5:$AE17))))),IF(AF17>0,AF17,0)) -> 0 | AE18: =IFERROR(IF(I18="",0,MAX(0,MIN(AD18,I18-AA18))),0) -> 0 | AF18: =IFERROR(AD18-AE18,0) -> 0 | AG18: =IFERROR(IF(C18="Y",Settings!$B$4+Settings!$B$5,0),0) -> 0 | AH18: =IFERROR(IF(U18="","",IFERROR(VLOOKUP(U18,'Bucket Status'!$A$4:$B$75,2,FALSE()),0)-(SUMIF($U$5:$U17,U18,$AK$5:$AK17)+SUMIF($V$5:$V17,U18,$AL$5:$AL17)+SUMIF($Y$5:$Y17,U18,$AA$5:$AA17)+SUMIF($AC$5:$AC17,U18,$AE$5:$AE17))),"") -> 5.23 | AI18: =IFERROR(IF(V18="","",IFERROR(VLOOKUP(V18,'Bucket Status'!$A$4:$B$75,2,FALSE()),0)-(SUMIF($U$5:$U17,V18,$AK$5:$AK17)+SUMIF($V$5:$V17,V18,$AL$5:$AL17)+SUMIF($Y$5:$Y17,V18,$AA$5:$AA17)+SUMIF($AC$5:$AC17,V18,$AE$5:$AE17))),"") -> 1.77 | AJ18: =IFERROR(IF(AH18="","",AH18+IF(AI18="",0,AI18)),"") -> 7 | AK18: =IFERROR(IF(I18="","",IF(U18="",0,IF(V18="",(I18-AA18-AE18),MIN(AH18,(I18-AA18-AE18))))),"") -> 4.66 | AL18: =IFERROR(IF(I18="","",IF(V18="",0,MAX(0,(I18-AA18-AE18)-AK18))),"") -> 0
A19: B-2789 | B19: 46304 | F19: M3 | G19: C | H19: 4.56 | I19: =IFERROR(IF(H19="","",H19+AG19),"") -> 4.56 | J19: =IFERROR(IF(OR(I19="",AJ19=""),"",AJ19-(AK19+AL19)),"") -> 2.86 | K19: =IF(AND(AA19>0,AE19>0),TEXT(AA19,"0.000")&" kg "&Y19&" (funnel)"&" + "&TEXT(AE19,"0.000")&" kg "&AC19&" (funnel)",IF(AA19>0,TEXT(AA19,"0.000")&" kg "&Y19&" (funnel)",IF(AE19>0,TEXT(AE19,"0.000")&" kg "&AC19&" (funnel)",""))) -> 1.770 kg M2D- (funnel) | L19: =IF(OR(AK19="",AK19=0,U19=""),"",TEXT(AK19,"0.000")&" kg "&U19) -> 0.570 kg M3B- | M19: =IF(OR(AL19="",AL19=0,V19=""),"",TEXT(AL19,"0.000")&" kg "&V19) -> 2.220 kg M3C- | N19: =IF(OR(I19="",U19=""),"",TEXT(MAX(0,(AH19-AK19-IF(Y19=U19,AA19,0)-IF(AC19=U19,AE19,0))),"0.000")&" kg "&U19) -> 0.000 kg M3B- | O19: =IF(OR(I19="",V19=""),"",TEXT(MAX(0,(AI19-AL19-IF(Y19=V19,AA19,0)-IF(AC19=V19,AE19,0))),"0.000")&" kg "&V19) -> 2.860 kg M3C- | Q19: =IF($A19="","",IF(D19="",Q18,D19)) -> M3 | R19: =IF($A19="","",IF(E19="",R18,E19)) -> B | S19: =IF($A19="","",IF(F19="",S18,F19)) -> M3 | T19: =IF($A19="","",IF(G19="",T18,G19)) -> C | U19: =IF(OR(Q19="",R19=""),"",Q19&R19&"-") -> M3B- | V19: =IF(OR(S19="",T19=""),"",S19&T19&"-") -> M3C- | W19: =IF(AND(U19<>"",U18<>"",U19<>U18),1,0) -> 0 | X19: =IF(AND(V19<>"",V18<>"",V19<>V18),1,0) -> 1 | Y19: =IF(W19=1,U18,IF(AB18>0,Y18,"")) | Z19: =IF(W19=1,MAX(0,MIN(Settings!$B$6,(IFERROR(VLOOKUP(U18,'Bucket Status'!$A$4:$B$75,2,FALSE()),0)-(SUMIF($U$5:$U18,U18,$AK$5:$AK18)+SUMIF($V$5:$V18,U18,$AL$5:$AL18)+SUMIF($Y$5:$Y18,U18,$AA$5:$AA18)+SUMIF($AC$5:$AC18,U18,$AE$5:$AE18))))),IF(AB18>0,AB18,0)) -> 0 | AA19: =IFERROR(IF(I19="",0,MAX(0,MIN(Z19,I19))),0) -> 0 | AB19: =IFERROR(Z19-AA19,0) -> 0 | AC19: =IF(X19=1,V18,IF(AF18>0,AC18,"")) -> M2D- | AD19: =IF(X19=1,MAX(0,MIN(Settings!$B$6-Z19,(IFERROR(VLOOKUP(V18,'Bucket Status'!$A$4:$B$75,2,FALSE()),0)-(SUMIF($U$5:$U18,V18,$AK$5:$AK18)+SUMIF($V$5:$V18,V18,$AL$5:$AL18)+SUMIF($Y$5:$Y18,V18,$AA$5:$AA18)+SUMIF($AC$5:$AC18,V18,$AE$5:$AE18))))),IF(AF18>0,AF18,0)) -> 1.77 | AE19: =IFERROR(IF(I19="",0,MAX(0,MIN(AD19,I19-AA19))),0) -> 1.77 | AF19: =IFERROR(AD19-AE19,0) -> 0 | AG19: =IFERROR(IF(C19="Y",Settings!$B$4+Settings!$B$5,0),0) -> 0 | AH19: =IFERROR(IF(U19="","",IFERROR(VLOOKUP(U19,'Bucket Status'!$A$4:$B$75,2,FALSE()),0)-(SUMIF($U$5:$U18,U19,$AK$5:$AK18)+SUMIF($V$5:$V18,U19,$AL$5:$AL18)+SUMIF($Y$5:$Y18,U19,$AA$5:$AA18)+SUMIF($AC$5:$AC18,U19,$AE$5:$AE18))),"") -> 0.57 | AI19: =IFERROR(IF(V19="","",IFERROR(VLOOKUP(V19,'Bucket Status'!$A$4:$B$75,2,FALSE()),0)-(SUMIF($U$5:$U18,V19,$AK$5:$AK18)+SUMIF($V$5:$V18,V19,$AL$5:$AL18)+SUMIF($Y$5:$Y18,V19,$AA$5:$AA18)+SUMIF($AC$5:$AC18,V19,$AE$5:$AE18))),"") -> 5.08 | AJ19: =IFERROR(IF(AH19="","",AH19+IF(AI19="",0,AI19)),"") -> 5.65 | AK19: =IFERROR(IF(I19="","",IF(U19="",0,IF(V19="",(I19-AA19-AE19),MIN(AH19,(I19-AA19-AE19))))),"") -> 0.57 | AL19: =IFERROR(IF(I19="","",IF(V19="",0,MAX(0,(I19-AA19-AE19)-AK19))),"") -> 2.22
A20: B-2792 | B20: 46307 | D20: M4 | E20: A | H20: 4.69 | I20: =IFERROR(IF(H20="","",H20+AG20),"") -> 4.69 | J20: =IFERROR(IF(OR(I20="",AJ20=""),"",AJ20-(AK20+AL20)),"") -> 3.27 | K20: =IF(AND(AA20>0,AE20>0),TEXT(AA20,"0.000")&" kg "&Y20&" (funnel)"&" + "&TEXT(AE20,"0.000")&" kg "&AC20&" (funnel)",IF(AA20>0,TEXT(AA20,"0.000")&" kg "&Y20&" (funnel)",IF(AE20>0,TEXT(AE20,"0.000")&" kg "&AC20&" (funnel)",""))) | L20: =IF(OR(AK20="",AK20=0,U20=""),"",TEXT(AK20,"0.000")&" kg "&U20) -> 4.690 kg M4A- | M20: =IF(OR(AL20="",AL20=0,V20=""),"",TEXT(AL20,"0.000")&" kg "&V20) | N20: =IF(OR(I20="",U20=""),"",TEXT(MAX(0,(AH20-AK20-IF(Y20=U20,AA20,0)-IF(AC20=U20,AE20,0))),"0.000")&" kg "&U20) -> 0.410 kg M4A- | O20: =IF(OR(I20="",V20=""),"",TEXT(MAX(0,(AI20-AL20-IF(Y20=V20,AA20,0)-IF(AC20=V20,AE20,0))),"0.000")&" kg "&V20) -> 2.860 kg M3C- | Q20: =IF($A20="","",IF(D20="",Q19,D20)) -> M4 | R20: =IF($A20="","",IF(E20="",R19,E20)) -> A | S20: =IF($A20="","",IF(F20="",S19,F20)) -> M3 | T20: =IF($A20="","",IF(G20="",T19,G20)) -> C | U20: =IF(OR(Q20="",R20=""),"",Q20&R20&"-") -> M4A- | V20: =IF(OR(S20="",T20=""),"",S20&T20&"-") -> M3C- | W20: =IF(AND(U20<>"",U19<>"",U20<>U19),1,0) -> 1 | X20: =IF(AND(V20<>"",V19<>"",V20<>V19),1,0) -> 0 | Y20: =IF(W20=1,U19,IF(AB19>0,Y19,"")) -> M3B- | Z20: =IF(W20=1,MAX(0,MIN(Settings!$B$6,(IFERROR(VLOOKUP(U19,'Bucket Status'!$A$4:$B$75,2,FALSE()),0)-(SUMIF($U$5:$U19,U19,$AK$5:$AK19)+SUMIF($V$5:$V19,U19,$AL$5:$AL19)+SUMIF($Y$5:$Y19,U19,$AA$5:$AA19)+SUMIF($AC$5:$AC19,U19,$AE$5:$AE19))))),IF(AB19>0,AB19,0)) -> 0 | AA20: =IFERROR(IF(I20="",0,MAX(0,MIN(Z20,I20))),0) -> 0 | AB20: =IFERROR(Z20-AA20,0) -> 0 | AC20: =IF(X20=1,V19,IF(AF19>0,AC19,"")) | AD20: =IF(X20=1,MAX(0,MIN(Settings!$B$6-Z20,(IFERROR(VLOOKUP(V19,'Bucket Status'!$A$4:$B$75,2,FALSE()),0)-(SUMIF($U$5:$U19,V19,$AK$5:$AK19)+SUMIF($V$5:$V19,V19,$AL$5:$AL19)+SUMIF($Y$5:$Y19,V19,$AA$5:$AA19)+SUMIF($AC$5:$AC19,V19,$AE$5:$AE19))))),IF(AF19>0,AF19,0)) -> 0 | AE20: =IFERROR(IF(I20="",0,MAX(0,MIN(AD20,I20-AA20))),0) -> 0 | AF20: =IFERROR(AD20-AE20,0) -> 0 | AG20: =IFERROR(IF(C20="Y",Settings!$B$4+Settings!$B$5,0),0) -> 0 | AH20: =IFERROR(IF(U20="","",IFERROR(VLOOKUP(U20,'Bucket Status'!$A$4:$B$75,2,FALSE()),0)-(SUMIF($U$5:$U19,U20,$AK$5:$AK19)+SUMIF($V$5:$V19,U20,$AL$5:$AL19)+SUMIF($Y$5:$Y19,U20,$AA$5:$AA19)+SUMIF($AC$5:$AC19,U20,$AE$5:$AE19))),"") -> 5.1 | AI20: =IFERROR(IF(V20="","",IFERROR(VLOOKUP(V20,'Bucket Status'!$A$4:$B$75,2,FALSE()),0)-(SUMIF($U$5:$U19,V20,$AK$5:$AK19)+SUMIF($V$5:$V19,V20,$AL$5:$AL19)+SUMIF($Y$5:$Y19,V20,$AA$5:$AA19)+SUMIF($AC$5:$AC19,V20,$AE$5:$AE19))),"") -> 2.86 | AJ20: =IFERROR(IF(AH20="","",AH20+IF(AI20="",0,AI20)),"") -> 7.96 | AK20: =IFERROR(IF(I20="","",IF(U20="",0,IF(V20="",(I20-AA20-AE20),MIN(AH20,(I20-AA20-AE20))))),"") -> 4.69 | AL20: =IFERROR(IF(I20="","",IF(V20="",0,MAX(0,(I20-AA20-AE20)-AK20))),"") -> 0
A21: B-2792(2nd) | B21: 46308 | F21: M4 | G21: B | H21: 4.69 | I21: =IFERROR(IF(H21="","",H21+AG21),"") -> 4.69 | J21: =IFERROR(IF(OR(I21="",AJ21=""),"",AJ21-(AK21+AL21)),"") -> 3.68 | K21: =IF(AND(AA21>0,AE21>0),TEXT(AA21,"0.000")&" kg "&Y21&" (funnel)"&" + "&TEXT(AE21,"0.000")&" kg "&AC21&" (funnel)",IF(AA21>0,TEXT(AA21,"0.000")&" kg "&Y21&" (funnel)",IF(AE21>0,TEXT(AE21,"0.000")&" kg "&AC21&" (funnel)",""))) -> 2.860 kg M3C- (funnel) | L21: =IF(OR(AK21="",AK21=0,U21=""),"",TEXT(AK21,"0.000")&" kg "&U21) -> 0.410 kg M4A- | M21: =IF(OR(AL21="",AL21=0,V21=""),"",TEXT(AL21,"0.000")&" kg "&V21) -> 1.420 kg M4B- | N21: =IF(OR(I21="",U21=""),"",TEXT(MAX(0,(AH21-AK21-IF(Y21=U21,AA21,0)-IF(AC21=U21,AE21,0))),"0.000")&" kg "&U21) -> 0.000 kg M4A- | O21: =IF(OR(I21="",V21=""),"",TEXT(MAX(0,(AI21-AL21-IF(Y21=V21,AA21,0)-IF(AC21=V21,AE21,0))),"0.000")&" kg "&V21) -> 3.680 kg M4B- | Q21: =IF($A21="","",IF(D21="",Q20,D21)) -> M4 | R21: =IF($A21="","",IF(E21="",R20,E21)) -> A | S21: =IF($A21="","",IF(F21="",S20,F21)) -> M4 | T21: =IF($A21="","",IF(G21="",T20,G21)) -> B | U21: =IF(OR(Q21="",R21=""),"",Q21&R21&"-") -> M4A- | V21: =IF(OR(S21="",T21=""),"",S21&T21&"-") -> M4B- | W21: =IF(AND(U21<>"",U20<>"",U21<>U20),1,0) -> 0 | X21: =IF(AND(V21<>"",V20<>"",V21<>V20),1,0) -> 1 | Y21: =IF(W21=1,U20,IF(AB20>0,Y20,"")) | Z21: =IF(W21=1,MAX(0,MIN(Settings!$B$6,(IFERROR(VLOOKUP(U20,'Bucket Status'!$A$4:$B$75,2,FALSE()),0)-(SUMIF($U$5:$U20,U20,$AK$5:$AK20)+SUMIF($V$5:$V20,U20,$AL$5:$AL20)+SUMIF($Y$5:$Y20,U20,$AA$5:$AA20)+SUMIF($AC$5:$AC20,U20,$AE$5:$AE20))))),IF(AB20>0,AB20,0)) -> 0 | AA21: =IFERROR(IF(I21="",0,MAX(0,MIN(Z21,I21))),0) -> 0 | AB21: =IFERROR(Z21-AA21,0) -> 0 | AC21: =IF(X21=1,V20,IF(AF20>0,AC20,"")) -> M3C- | AD21: =IF(X21=1,MAX(0,MIN(Settings!$B$6-Z21,(IFERROR(VLOOKUP(V20,'Bucket Status'!$A$4:$B$75,2,FALSE()),0)-(SUMIF($U$5:$U20,V20,$AK$5:$AK20)+SUMIF($V$5:$V20,V20,$AL$5:$AL20)+SUMIF($Y$5:$Y20,V20,$AA$5:$AA20)+SUMIF($AC$5:$AC20,V20,$AE$5:$AE20))))),IF(AF20>0,AF20,0)) -> 2.86 | AE21: =IFERROR(IF(I21="",0,MAX(0,MIN(AD21,I21-AA21))),0) -> 2.86 | AF21: =IFERROR(AD21-AE21,0) -> 0 | AG21: =IFERROR(IF(C21="Y",Settings!$B$4+Settings!$B$5,0),0) -> 0 | AH21: =IFERROR(IF(U21="","",IFERROR(VLOOKUP(U21,'Bucket Status'!$A$4:$B$75,2,FALSE()),0)-(SUMIF($U$5:$U20,U21,$AK$5:$AK20)+SUMIF($V$5:$V20,U21,$AL$5:$AL20)+SUMIF($Y$5:$Y20,U21,$AA$5:$AA20)+SUMIF($AC$5:$AC20,U21,$AE$5:$AE20))),"") -> 0.41 | AI21: =IFERROR(IF(V21="","",IFERROR(VLOOKUP(V21,'Bucket Status'!$A$4:$B$75,2,FALSE()),0)-(SUMIF($U$5:$U20,V21,$AK$5:$AK20)+SUMIF($V$5:$V20,V21,$AL$5:$AL20)+SUMIF($Y$5:$Y20,V21,$AA$5:$AA20)+SUMIF($AC$5:$AC20,V21,$AE$5:$AE20))),"") -> 5.1 | AJ21: =IFERROR(IF(AH21="","",AH21+IF(AI21="",0,AI21)),"") -> 5.51 | AK21: =IFERROR(IF(I21="","",IF(U21="",0,IF(V21="",(I21-AA21-AE21),MIN(AH21,(I21-AA21-AE21))))),"") -> 0.41 | AL21: =IFERROR(IF(I21="","",IF(V21="",0,MAX(0,(I21-AA21-AE21)-AK21))),"") -> 1.42
A22: B-2792(3rd) | B22: 46309 | D22: M4 | E22: C | I22: =IFERROR(IF(H22="","",H22+AG22),"") | J22: =IFERROR(IF(OR(I22="",AJ22=""),"",AJ22-(AK22+AL22)),"") | K22: =IF(AND(AA22>0,AE22>0),TEXT(AA22,"0.000")&" kg "&Y22&" (funnel)"&" + "&TEXT(AE22,"0.000")&" kg "&AC22&" (funnel)",IF(AA22>0,TEXT(AA22,"0.000")&" kg "&Y22&" (funnel)",IF(AE22>0,TEXT(AE22,"0.000")&" kg "&AC22&" (funnel)",""))) | L22: =IF(OR(AK22="",AK22=0,U22=""),"",TEXT(AK22,"0.000")&" kg "&U22) | M22: =IF(OR(AL22="",AL22=0,V22=""),"",TEXT(AL22,"0.000")&" kg "&V22) | N22: =IF(OR(I22="",U22=""),"",TEXT(MAX(0,(AH22-AK22-IF(Y22=U22,AA22,0)-IF(AC22=U22,AE22,0))),"0.000")&" kg "&U22) | O22: =IF(OR(I22="",V22=""),"",TEXT(MAX(0,(AI22-AL22-IF(Y22=V22,AA22,0)-IF(AC22=V22,AE22,0))),"0.000")&" kg "&V22) | Q22: =IF($A22="","",IF(D22="",Q21,D22)) -> M4 | R22: =IF($A22="","",IF(E22="",R21,E22)) -> C | S22: =IF($A22="","",IF(F22="",S21,F22)) -> M4 | T22: =IF($A22="","",IF(G22="",T21,G22)) -> B | U22: =IF(OR(Q22="",R22=""),"",Q22&R22&"-") -> M4C- | V22: =IF(OR(S22="",T22=""),"",S22&T22&"-") -> M4B- | W22: =IF(AND(U22<>"",U21<>"",U22<>U21),1,0) -> 1 | X22: =IF(AND(V22<>"",V21<>"",V22<>V21),1,0) -> 0 | Y22: =IF(W22=1,U21,IF(AB21>0,Y21,"")) -> M4A- | Z22: =IF(W22=1,MAX(0,MIN(Settings!$B$6,(IFERROR(VLOOKUP(U21,'Bucket Status'!$A$4:$B$75,2,FALSE()),0)-(SUMIF($U$5:$U21,U21,$AK$5:$AK21)+SUMIF($V$5:$V21,U21,$AL$5:$AL21)+SUMIF($Y$5:$Y21,U21,$AA$5:$AA21)+SUMIF($AC$5:$AC21,U21,$AE$5:$AE21))))),IF(AB21>0,AB21,0)) -> 0 | AA22: =IFERROR(IF(I22="",0,MAX(0,MIN(Z22,I22))),0) -> 0 | AB22: =IFERROR(Z22-AA22,0) -> 0 | AC22: =IF(X22=1,V21,IF(AF21>0,AC21,"")) | AD22: =IF(X22=1,MAX(0,MIN(Settings!$B$6-Z22,(IFERROR(VLOOKUP(V21,'Bucket Status'!$A$4:$B$75,2,FALSE()),0)-(SUMIF($U$5:$U21,V21,$AK$5:$AK21)+SUMIF($V$5:$V21,V21,$AL$5:$AL21)+SUMIF($Y$5:$Y21,V21,$AA$5:$AA21)+SUMIF($AC$5:$AC21,V21,$AE$5:$AE21))))),IF(AF21>0,AF21,0)) -> 0 | AE22: =IFERROR(IF(I22="",0,MAX(0,MIN(AD22,I22-AA22))),0) -> 0 | AF22: =IFERROR(AD22-AE22,0) -> 0 | AG22: =IFERROR(IF(C22="Y",Settings!$B$4+Settings!$B$5,0),0) -> 0 | AH22: =IFERROR(IF(U22="","",IFERROR(VLOOKUP(U22,'Bucket Status'!$A$4:$B$75,2,FALSE()),0)-(SUMIF($U$5:$U21,U22,$AK$5:$AK21)+SUMIF($V$5:$V21,U22,$AL$5:$AL21)+SUMIF($Y$5:$Y21,U22,$AA$5:$AA21)+SUMIF($AC$5:$AC21,U22,$AE$5:$AE21))),"") -> 4.98 | AI22: =IFERROR(IF(V22="","",IFERROR(VLOOKUP(V22,'Bucket Status'!$A$4:$B$75,2,FALSE()),0)-(SUMIF($U$5:$U21,V22,$AK$5:$AK21)+SUMIF($V$5:$V21,V22,$AL$5:$AL21)+SUMIF($Y$5:$Y21,V22,$AA$5:$AA21)+SUMIF($AC$5:$AC21,V22,$AE$5:$AE21))),"") -> 3.68 | AJ22: =IFERROR(IF(AH22="","",AH22+IF(AI22="",0,AI22)),"") -> 8.66 | AK22: =IFERROR(IF(I22="","",IF(U22="",0,IF(V22="",(I22-AA22-AE22),MIN(AH22,(I22-AA22-AE22))))),"") | AL22: =IFERROR(IF(I22="","",IF(V22="",0,MAX(0,(I22-AA22-AE22)-AK22))),"")
I23: =IFERROR(IF(H23="","",H23+AG23),"") | J23: =IFERROR(IF(OR(I23="",AJ23=""),"",AJ23-(AK23+AL23)),"") | K23: =IF(AND(AA23>0,AE23>0),TEXT(AA23,"0.000")&" kg "&Y23&" (funnel)"&" + "&TEXT(AE23,"0.000")&" kg "&AC23&" (funnel)",IF(AA23>0,TEXT(AA23,"0.000")&" kg "&Y23&" (funnel)",IF(AE23>0,TEXT(AE23,"0.000")&" kg "&AC23&" (funnel)",""))) | L23: =IF(OR(AK23="",AK23=0,U23=""),"",TEXT(AK23,"0.000")&" kg "&U23) | M23: =IF(OR(AL23="",AL23=0,V23=""),"",TEXT(AL23,"0.000")&" kg "&V23) | N23: =IF(OR(I23="",U23=""),"",TEXT(MAX(0,(AH23-AK23-IF(Y23=U23,AA23,0)-IF(AC23=U23,AE23,0))),"0.000")&" kg "&U23) | O23: =IF(OR(I23="",V23=""),"",TEXT(MAX(0,(AI23-AL23-IF(Y23=V23,AA23,0)-IF(AC23=V23,AE23,0))),"0.000")&" kg "&V23) | Q23: =IF($A23="","",IF(D23="",Q22,D23)) | R23: =IF($A23="","",IF(E23="",R22,E23)) | S23: =IF($A23="","",IF(F23="",S22,F23)) | T23: =IF($A23="","",IF(G23="",T22,G23)) | U23: =IF(OR(Q23="",R23=""),"",Q23&R23&"-") | V23: =IF(OR(S23="",T23=""),"",S23&T23&"-") | W23: =IF(AND(U23<>"",U22<>"",U23<>U22),1,0) -> 0 | X23: =IF(AND(V23<>"",V22<>"",V23<>V22),1,0) -> 0 | Y23: =IF(W23=1,U22,IF(AB22>0,Y22,"")) | Z23: =IF(W23=1,MAX(0,MIN(Settings!$B$6,(IFERROR(VLOOKUP(U22,'Bucket Status'!$A$4:$B$75,2,FALSE()),0)-(SUMIF($U$5:$U22,U22,$AK$5:$AK22)+SUMIF($V$5:$V22,U22,$AL$5:$AL22)+SUMIF($Y$5:$Y22,U22,$AA$5:$AA22)+SUMIF($AC$5:$AC22,U22,$AE$5:$AE22))))),IF(AB22>0,AB22,0)) -> 0 | AA23: =IFERROR(IF(I23="",0,MAX(0,MIN(Z23,I23))),0) -> 0 | AB23: =IFERROR(Z23-AA23,0) -> 0 | AC23: =IF(X23=1,V22,IF(AF22>0,AC22,"")) | AD23: =IF(X23=1,MAX(0,MIN(Settings!$B$6-Z23,(IFERROR(VLOOKUP(V22,'Bucket Status'!$A$4:$B$75,2,FALSE()),0)-(SUMIF($U$5:$U22,V22,$AK$5:$AK22)+SUMIF($V$5:$V22,V22,$AL$5:$AL22)+SUMIF($Y$5:$Y22,V22,$AA$5:$AA22)+SUMIF($AC$5:$AC22,V22,$AE$5:$AE22))))),IF(AF22>0,AF22,0)) -> 0 | AE23: =IFERROR(IF(I23="",0,MAX(0,MIN(AD23,I23-AA23))),0) -> 0 | AF23: =IFERROR(AD23-AE23,0) -> 0 | AG23: =IFERROR(IF(C23="Y",Settings!$B$4+Settings!$B$5,0),0) -> 0 | AH23: =IFERROR(IF(U23="","",IFERROR(VLOOKUP(U23,'Bucket Status'!$A$4:$B$75,2,FALSE()),0)-(SUMIF($U$5:$U22,U23,$AK$5:$AK22)+SUMIF($V$5:$V22,U23,$AL$5:$AL22)+SUMIF($Y$5:$Y22,U23,$AA$5:$AA22)+SUMIF($AC$5:$AC22,U23,$AE$5:$AE22))),"") | AI23: =IFERROR(IF(V23="","",IFERROR(VLOOKUP(V23,'Bucket Status'!$A$4:$B$75,2,FALSE()),0)-(SUMIF($U$5:$U22,V23,$AK$5:$AK22)+SUMIF($V$5:$V22,V23,$AL$5:$AL22)+SUMIF($Y$5:$Y22,V23,$AA$5:$AA22)+SUMIF($AC$5:$AC22,V23,$AE$5:$AE22))),"") | AJ23: =IFERROR(IF(AH23="","",AH23+IF(AI23="",0,AI23)),"") | AK23: =IFERROR(IF(I23="","",IF(U23="",0,IF(V23="",(I23-AA23-AE23),MIN(AH23,(I23-AA23-AE23))))),"") | AL23: =IFERROR(IF(I23="","",IF(V23="",0,MAX(0,(I23-AA23-AE23)-AK23))),"")
I24: =IFERROR(IF(H24="","",H24+AG24),"") | J24: =IFERROR(IF(OR(I24="",AJ24=""),"",AJ24-(AK24+AL24)),"") | K24: =IF(AND(AA24>0,AE24>0),TEXT(AA24,"0.000")&" kg "&Y24&" (funnel)"&" + "&TEXT(AE24,"0.000")&" kg "&AC24&" (funnel)",IF(AA24>0,TEXT(AA24,"0.000")&" kg "&Y24&" (funnel)",IF(AE24>0,TEXT(AE24,"0.000")&" kg "&AC24&" (funnel)",""))) | L24: =IF(OR(AK24="",AK24=0,U24=""),"",TEXT(AK24,"0.000")&" kg "&U24) | M24: =IF(OR(AL24="",AL24=0,V24=""),"",TEXT(AL24,"0.000")&" kg "&V24) | N24: =IF(OR(I24="",U24=""),"",TEXT(MAX(0,(AH24-AK24-IF(Y24=U24,AA24,0)-IF(AC24=U24,AE24,0))),"0.000")&" kg "&U24) | O24: =IF(OR(I24="",V24=""),"",TEXT(MAX(0,(AI24-AL24-IF(Y24=V24,AA24,0)-IF(AC24=V24,AE24,0))),"0.000")&" kg "&V24) | Q24: =IF($A24="","",IF(D24="",Q23,D24)) | R24: =IF($A24="","",IF(E24="",R23,E24)) | S24: =IF($A24="","",IF(F24="",S23,F24)) | T24: =IF($A24="","",IF(G24="",T23,G24)) | U24: =IF(OR(Q24="",R24=""),"",Q24&R24&"-") | V24: =IF(OR(S24="",T24=""),"",S24&T24&"-") | W24: =IF(AND(U24<>"",U23<>"",U24<>U23),1,0) -> 0 | X24: =IF(AND(V24<>"",V23<>"",V24<>V23),1,0) -> 0 | Y24: =IF(W24=1,U23,IF(AB23>0,Y23,"")) | Z24: =IF(W24=1,MAX(0,MIN(Settings!$B$6,(IFERROR(VLOOKUP(U23,'Bucket Status'!$A$4:$B$75,2,FALSE()),0)-(SUMIF($U$5:$U23,U23,$AK$5:$AK23)+SUMIF($V$5:$V23,U23,$AL$5:$AL23)+SUMIF($Y$5:$Y23,U23,$AA$5:$AA23)+SUMIF($AC$5:$AC23,U23,$AE$5:$AE23))))),IF(AB23>0,AB23,0)) -> 0 | AA24: =IFERROR(IF(I24="",0,MAX(0,MIN(Z24,I24))),0) -> 0 | AB24: =IFERROR(Z24-AA24,0) -> 0 | AC24: =IF(X24=1,V23,IF(AF23>0,AC23,"")) | AD24: =IF(X24=1,MAX(0,MIN(Settings!$B$6-Z24,(IFERROR(VLOOKUP(V23,'Bucket Status'!$A$4:$B$75,2,FALSE()),0)-(SUMIF($U$5:$U23,V23,$AK$5:$AK23)+SUMIF($V$5:$V23,V23,$AL$5:$AL23)+SUMIF($Y$5:$Y23,V23,$AA$5:$AA23)+SUMIF($AC$5:$AC23,V23,$AE$5:$AE23))))),IF(AF23>0,AF23,0)) -> 0 | AE24: =IFERROR(IF(I24="",0,MAX(0,MIN(AD24,I24-AA24))),0) -> 0 | AF24: =IFERROR(AD24-AE24,0) -> 0 | AG24: =IFERROR(IF(C24="Y",Settings!$B$4+Settings!$B$5,0),0) -> 0 | AH24: =IFERROR(IF(U24="","",IFERROR(VLOOKUP(U24,'Bucket Status'!$A$4:$B$75,2,FALSE()),0)-(SUMIF($U$5:$U23,U24,$AK$5:$AK23)+SUMIF($V$5:$V23,U24,$AL$5:$AL23)+SUMIF($Y$5:$Y23,U24,$AA$5:$AA23)+SUMIF($AC$5:$AC23,U24,$AE$5:$AE23))),"") | AI24: =IFERROR(IF(V24="","",IFERROR(VLOOKUP(V24,'Bucket Status'!$A$4:$B$75,2,FALSE()),0)-(SUMIF($U$5:$U23,V24,$AK$5:$AK23)+SUMIF($V$5:$V23,V24,$AL$5:$AL23)+SUMIF($Y$5:$Y23,V24,$AA$5:$AA23)+SUMIF($AC$5:$AC23,V24,$AE$5:$AE23))),"") | AJ24: =IFERROR(IF(AH24="","",AH24+IF(AI24="",0,AI24)),"") | AK24: =IFERROR(IF(I24="","",IF(U24="",0,IF(V24="",(I24-AA24-AE24),MIN(AH24,(I24-AA24-AE24))))),"") | AL24: =IFERROR(IF(I24="","",IF(V24="",0,MAX(0,(I24-AA24-AE24)-AK24))),"")
I25: =IFERROR(IF(H25="","",H25+AG25),"") | J25: =IFERROR(IF(OR(I25="",AJ25=""),"",AJ25-(AK25+AL25)),"") | K25: =IF(AND(AA25>0,AE25>0),TEXT(AA25,"0.000")&" kg "&Y25&" (funnel)"&" + "&TEXT(AE25,"0.000")&" kg "&AC25&" (funnel)",IF(AA25>0,TEXT(AA25,"0.000")&" kg "&Y25&" (funnel)",IF(AE25>0,TEXT(AE25,"0.000")&" kg "&AC25&" (funnel)",""))) | L25: =IF(OR(AK25="",AK25=0,U25=""),"",TEXT(AK25,"0.000")&" kg "&U25) | M25: =IF(OR(AL25="",AL25=0,V25=""),"",TEXT(AL25,"0.000")&" kg "&V25) | N25: =IF(OR(I25="",U25=""),"",TEXT(MAX(0,(AH25-AK25-IF(Y25=U25,AA25,0)-IF(AC25=U25,AE25,0))),"0.000")&" kg "&U25) | O25: =IF(OR(I25="",V25=""),"",TEXT(MAX(0,(AI25-AL25-IF(Y25=V25,AA25,0)-IF(AC25=V25,AE25,0))),"0.000")&" kg "&V25) | Q25: =IF($A25="","",IF(D25="",Q24,D25)) | R25: =IF($A25="","",IF(E25="",R24,E25)) | S25: =IF($A25="","",IF(F25="",S24,F25)) | T25: =IF($A25="","",IF(G25="",T24,G25)) | U25: =IF(OR(Q25="",R25=""),"",Q25&R25&"-") | V25: =IF(OR(S25="",T25=""),"",S25&T25&"-") | W25: =IF(AND(U25<>"",U24<>"",U25<>U24),1,0) -> 0 | X25: =IF(AND(V25<>"",V24<>"",V25<>V24),1,0) -> 0 | Y25: =IF(W25=1,U24,IF(AB24>0,Y24,"")) | Z25: =IF(W25=1,MAX(0,MIN(Settings!$B$6,(IFERROR(VLOOKUP(U24,'Bucket Status'!$A$4:$B$75,2,FALSE()),0)-(SUMIF($U$5:$U24,U24,$AK$5:$AK24)+SUMIF($V$5:$V24,U24,$AL$5:$AL24)+SUMIF($Y$5:$Y24,U24,$AA$5:$AA24)+SUMIF($AC$5:$AC24,U24,$AE$5:$AE24))))),IF(AB24>0,AB24,0)) -> 0 | AA25: =IFERROR(IF(I25="",0,MAX(0,MIN(Z25,I25))),0) -> 0 | AB25: =IFERROR(Z25-AA25,0) -> 0 | AC25: =IF(X25=1,V24,IF(AF24>0,AC24,"")) | AD25: =IF(X25=1,MAX(0,MIN(Settings!$B$6-Z25,(IFERROR(VLOOKUP(V24,'Bucket Status'!$A$4:$B$75,2,FALSE()),0)-(SUMIF($U$5:$U24,V24,$AK$5:$AK24)+SUMIF($V$5:$V24,V24,$AL$5:$AL24)+SUMIF($Y$5:$Y24,V24,$AA$5:$AA24)+SUMIF($AC$5:$AC24,V24,$AE$5:$AE24))))),IF(AF24>0,AF24,0)) -> 0 | AE25: =IFERROR(IF(I25="",0,MAX(0,MIN(AD25,I25-AA25))),0) -> 0 | AF25: =IFERROR(AD25-AE25,0) -> 0 | AG25: =IFERROR(IF(C25="Y",Settings!$B$4+Settings!$B$5,0),0) -> 0 | AH25: =IFERROR(IF(U25="","",IFERROR(VLOOKUP(U25,'Bucket Status'!$A$4:$B$75,2,FALSE()),0)-(SUMIF($U$5:$U24,U25,$AK$5:$AK24)+SUMIF($V$5:$V24,U25,$AL$5:$AL24)+SUMIF($Y$5:$Y24,U25,$AA$5:$AA24)+SUMIF($AC$5:$AC24,U25,$AE$5:$AE24))),"") | AI25: =IFERROR(IF(V25="","",IFERROR(VLOOKUP(V25,'Bucket Status'!$A$4:$B$75,2,FALSE()),0)-(SUMIF($U$5:$U24,V25,$AK$5:$AK24)+SUMIF($V$5:$V24,V25,$AL$5:$AL24)+SUMIF($Y$5:$Y24,V25,$AA$5:$AA24)+SUMIF($AC$5:$AC24,V25,$AE$5:$AE24))),"") | AJ25: =IFERROR(IF(AH25="","",AH25+IF(AI25="",0,AI25)),"") | AK25: =IFERROR(IF(I25="","",IF(U25="",0,IF(V25="",(I25-AA25-AE25),MIN(AH25,(I25-AA25-AE25))))),"") | AL25: =IFERROR(IF(I25="","",IF(V25="",0,MAX(0,(I25-AA25-AE25)-AK25))),"")
I26: =IFERROR(IF(H26="","",H26+AG26),"") | J26: =IFERROR(IF(OR(I26="",AJ26=""),"",AJ26-(AK26+AL26)),"") | K26: =IF(AND(AA26>0,AE26>0),TEXT(AA26,"0.000")&" kg "&Y26&" (funnel)"&" + "&TEXT(AE26,"0.000")&" kg "&AC26&" (funnel)",IF(AA26>0,TEXT(AA26,"0.000")&" kg "&Y26&" (funnel)",IF(AE26>0,TEXT(AE26,"0.000")&" kg "&AC26&" (funnel)",""))) | L26: =IF(OR(AK26="",AK26=0,U26=""),"",TEXT(AK26,"0.000")&" kg "&U26) | M26: =IF(OR(AL26="",AL26=0,V26=""),"",TEXT(AL26,"0.000")&" kg "&V26) | N26: =IF(OR(I26="",U26=""),"",TEXT(MAX(0,(AH26-AK26-IF(Y26=U26,AA26,0)-IF(AC26=U26,AE26,0))),"0.000")&" kg "&U26) | O26: =IF(OR(I26="",V26=""),"",TEXT(MAX(0,(AI26-AL26-IF(Y26=V26,AA26,0)-IF(AC26=V26,AE26,0))),"0.000")&" kg "&V26) | Q26: =IF($A26="","",IF(D26="",Q25,D26)) | R26: =IF($A26="","",IF(E26="",R25,E26)) | S26: =IF($A26="","",IF(F26="",S25,F26)) | T26: =IF($A26="","",IF(G26="",T25,G26)) | U26: =IF(OR(Q26="",R26=""),"",Q26&R26&"-") | V26: =IF(OR(S26="",T26=""),"",S26&T26&"-") | W26: =IF(AND(U26<>"",U25<>"",U26<>U25),1,0) -> 0 | X26: =IF(AND(V26<>"",V25<>"",V26<>V25),1,0) -> 0 | Y26: =IF(W26=1,U25,IF(AB25>0,Y25,"")) | Z26: =IF(W26=1,MAX(0,MIN(Settings!$B$6,(IFERROR(VLOOKUP(U25,'Bucket Status'!$A$4:$B$75,2,FALSE()),0)-(SUMIF($U$5:$U25,U25,$AK$5:$AK25)+SUMIF($V$5:$V25,U25,$AL$5:$AL25)+SUMIF($Y$5:$Y25,U25,$AA$5:$AA25)+SUMIF($AC$5:$AC25,U25,$AE$5:$AE25))))),IF(AB25>0,AB25,0)) -> 0 | AA26: =IFERROR(IF(I26="",0,MAX(0,MIN(Z26,I26))),0) -> 0 | AB26: =IFERROR(Z26-AA26,0) -> 0 | AC26: =IF(X26=1,V25,IF(AF25>0,AC25,"")) | AD26: =IF(X26=1,MAX(0,MIN(Settings!$B$6-Z26,(IFERROR(VLOOKUP(V25,'Bucket Status'!$A$4:$B$75,2,FALSE()),0)-(SUMIF($U$5:$U25,V25,$AK$5:$AK25)+SUMIF($V$5:$V25,V25,$AL$5:$AL25)+SUMIF($Y$5:$Y25,V25,$AA$5:$AA25)+SUMIF($AC$5:$AC25,V25,$AE$5:$AE25))))),IF(AF25>0,AF25,0)) -> 0 | AE26: =IFERROR(IF(I26="",0,MAX(0,MIN(AD26,I26-AA26))),0) -> 0 | AF26: =IFERROR(AD26-AE26,0) -> 0 | AG26: =IFERROR(IF(C26="Y",Settings!$B$4+Settings!$B$5,0),0) -> 0 | AH26: =IFERROR(IF(U26="","",IFERROR(VLOOKUP(U26,'Bucket Status'!$A$4:$B$75,2,FALSE()),0)-(SUMIF($U$5:$U25,U26,$AK$5:$AK25)+SUMIF($V$5:$V25,U26,$AL$5:$AL25)+SUMIF($Y$5:$Y25,U26,$AA$5:$AA25)+SUMIF($AC$5:$AC25,U26,$AE$5:$AE25))),"") | AI26: =IFERROR(IF(V26="","",IFERROR(VLOOKUP(V26,'Bucket Status'!$A$4:$B$75,2,FALSE()),0)-(SUMIF($U$5:$U25,V26,$AK$5:$AK25)+SUMIF($V$5:$V25,V26,$AL$5:$AL25)+SUMIF($Y$5:$Y25,V26,$AA$5:$AA25)+SUMIF($AC$5:$AC25,V26,$AE$5:$AE25))),"") | AJ26: =IFERROR(IF(AH26="","",AH26+IF(AI26="",0,AI26)),"") | AK26: =IFERROR(IF(I26="","",IF(U26="",0,IF(V26="",(I26-AA26-AE26),MIN(AH26,(I26-AA26-AE26))))),"") | AL26: =IFERROR(IF(I26="","",IF(V26="",0,MAX(0,(I26-AA26-AE26)-AK26))),"")
I27: =IFERROR(IF(H27="","",H27+AG27),"") | J27: =IFERROR(IF(OR(I27="",AJ27=""),"",AJ27-(AK27+AL27)),"") | K27: =IF(AND(AA27>0,AE27>0),TEXT(AA27,"0.000")&" kg "&Y27&" (funnel)"&" + "&TEXT(AE27,"0.000")&" kg "&AC27&" (funnel)",IF(AA27>0,TEXT(AA27,"0.000")&" kg "&Y27&" (funnel)",IF(AE27>0,TEXT(AE27,"0.000")&" kg "&AC27&" (funnel)",""))) | L27: =IF(OR(AK27="",AK27=0,U27=""),"",TEXT(AK27,"0.000")&" kg "&U27) | M27: =IF(OR(AL27="",AL27=0,V27=""),"",TEXT(AL27,"0.000")&" kg "&V27) | N27: =IF(OR(I27="",U27=""),"",TEXT(MAX(0,(AH27-AK27-IF(Y27=U27,AA27,0)-IF(AC27=U27,AE27,0))),"0.000")&" kg "&U27) | O27: =IF(OR(I27="",V27=""),"",TEXT(MAX(0,(AI27-AL27-IF(Y27=V27,AA27,0)-IF(AC27=V27,AE27,0))),"0.000")&" kg "&V27) | Q27: =IF($A27="","",IF(D27="",Q26,D27)) | R27: =IF($A27="","",IF(E27="",R26,E27)) | S27: =IF($A27="","",IF(F27="",S26,F27)) | T27: =IF($A27="","",IF(G27="",T26,G27)) | U27: =IF(OR(Q27="",R27=""),"",Q27&R27&"-") | V27: =IF(OR(S27="",T27=""),"",S27&T27&"-") | W27: =IF(AND(U27<>"",U26<>"",U27<>U26),1,0) -> 0 | X27: =IF(AND(V27<>"",V26<>"",V27<>V26),1,0) -> 0 | Y27: =IF(W27=1,U26,IF(AB26>0,Y26,"")) | Z27: =IF(W27=1,MAX(0,MIN(Settings!$B$6,(IFERROR(VLOOKUP(U26,'Bucket Status'!$A$4:$B$75,2,FALSE()),0)-(SUMIF($U$5:$U26,U26,$AK$5:$AK26)+SUMIF($V$5:$V26,U26,$AL$5:$AL26)+SUMIF($Y$5:$Y26,U26,$AA$5:$AA26)+SUMIF($AC$5:$AC26,U26,$AE$5:$AE26))))),IF(AB26>0,AB26,0)) -> 0 | AA27: =IFERROR(IF(I27="",0,MAX(0,MIN(Z27,I27))),0) -> 0 | AB27: =IFERROR(Z27-AA27,0) -> 0 | AC27: =IF(X27=1,V26,IF(AF26>0,AC26,"")) | AD27: =IF(X27=1,MAX(0,MIN(Settings!$B$6-Z27,(IFERROR(VLOOKUP(V26,'Bucket Status'!$A$4:$B$75,2,FALSE()),0)-(SUMIF($U$5:$U26,V26,$AK$5:$AK26)+SUMIF($V$5:$V26,V26,$AL$5:$AL26)+SUMIF($Y$5:$Y26,V26,$AA$5:$AA26)+SUMIF($AC$5:$AC26,V26,$AE$5:$AE26))))),IF(AF26>0,AF26,0)) -> 0 | AE27: =IFERROR(IF(I27="",0,MAX(0,MIN(AD27,I27-AA27))),0) -> 0 | AF27: =IFERROR(AD27-AE27,0) -> 0 | AG27: =IFERROR(IF(C27="Y",Settings!$B$4+Settings!$B$5,0),0) -> 0 | AH27: =IFERROR(IF(U27="","",IFERROR(VLOOKUP(U27,'Bucket Status'!$A$4:$B$75,2,FALSE()),0)-(SUMIF($U$5:$U26,U27,$AK$5:$AK26)+SUMIF($V$5:$V26,U27,$AL$5:$AL26)+SUMIF($Y$5:$Y26,U27,$AA$5:$AA26)+SUMIF($AC$5:$AC26,U27,$AE$5:$AE26))),"") | AI27: =IFERROR(IF(V27="","",IFERROR(VLOOKUP(V27,'Bucket Status'!$A$4:$B$75,2,FALSE()),0)-(SUMIF($U$5:$U26,V27,$AK$5:$AK26)+SUMIF($V$5:$V26,V27,$AL$5:$AL26)+SUMIF($Y$5:$Y26,V27,$AA$5:$AA26)+SUMIF($AC$5:$AC26,V27,$AE$5:$AE26))),"") | AJ27: =IFERROR(IF(AH27="","",AH27+IF(AI27="",0,AI27)),"") | AK27: =IFERROR(IF(I27="","",IF(U27="",0,IF(V27="",(I27-AA27-AE27),MIN(AH27,(I27-AA27-AE27))))),"") | AL27: =IFERROR(IF(I27="","",IF(V27="",0,MAX(0,(I27-AA27-AE27)-AK27))),"")
I28: =IFERROR(IF(H28="","",H28+AG28),"") | J28: =IFERROR(IF(OR(I28="",AJ28=""),"",AJ28-(AK28+AL28)),"") | K28: =IF(AND(AA28>0,AE28>0),TEXT(AA28,"0.000")&" kg "&Y28&" (funnel)"&" + "&TEXT(AE28,"0.000")&" kg "&AC28&" (funnel)",IF(AA28>0,TEXT(AA28,"0.000")&" kg "&Y28&" (funnel)",IF(AE28>0,TEXT(AE28,"0.000")&" kg "&AC28&" (funnel)",""))) | L28: =IF(OR(AK28="",AK28=0,U28=""),"",TEXT(AK28,"0.000")&" kg "&U28) | M28: =IF(OR(AL28="",AL28=0,V28=""),"",TEXT(AL28,"0.000")&" kg "&V28) | N28: =IF(OR(I28="",U28=""),"",TEXT(MAX(0,(AH28-AK28-IF(Y28=U28,AA28,0)-IF(AC28=U28,AE28,0))),"0.000")&" kg "&U28) | O28: =IF(OR(I28="",V28=""),"",TEXT(MAX(0,(AI28-AL28-IF(Y28=V28,AA28,0)-IF(AC28=V28,AE28,0))),"0.000")&" kg "&V28) | Q28: =IF($A28="","",IF(D28="",Q27,D28)) | R28: =IF($A28="","",IF(E28="",R27,E28)) | S28: =IF($A28="","",IF(F28="",S27,F28)) | T28: =IF($A28="","",IF(G28="",T27,G28)) | U28: =IF(OR(Q28="",R28=""),"",Q28&R28&"-") | V28: =IF(OR(S28="",T28=""),"",S28&T28&"-") | W28: =IF(AND(U28<>"",U27<>"",U28<>U27),1,0) -> 0 | X28: =IF(AND(V28<>"",V27<>"",V28<>V27),1,0) -> 0 | Y28: =IF(W28=1,U27,IF(AB27>0,Y27,"")) | Z28: =IF(W28=1,MAX(0,MIN(Settings!$B$6,(IFERROR(VLOOKUP(U27,'Bucket Status'!$A$4:$B$75,2,FALSE()),0)-(SUMIF($U$5:$U27,U27,$AK$5:$AK27)+SUMIF($V$5:$V27,U27,$AL$5:$AL27)+SUMIF($Y$5:$Y27,U27,$AA$5:$AA27)+SUMIF($AC$5:$AC27,U27,$AE$5:$AE27))))),IF(AB27>0,AB27,0)) -> 0 | AA28: =IFERROR(IF(I28="",0,MAX(0,MIN(Z28,I28))),0) -> 0 | AB28: =IFERROR(Z28-AA28,0) -> 0 | AC28: =IF(X28=1,V27,IF(AF27>0,AC27,"")) | AD28: =IF(X28=1,MAX(0,MIN(Settings!$B$6-Z28,(IFERROR(VLOOKUP(V27,'Bucket Status'!$A$4:$B$75,2,FALSE()),0)-(SUMIF($U$5:$U27,V27,$AK$5:$AK27)+SUMIF($V$5:$V27,V27,$AL$5:$AL27)+SUMIF($Y$5:$Y27,V27,$AA$5:$AA27)+SUMIF($AC$5:$AC27,V27,$AE$5:$AE27))))),IF(AF27>0,AF27,0)) -> 0 | AE28: =IFERROR(IF(I28="",0,MAX(0,MIN(AD28,I28-AA28))),0) -> 0 | AF28: =IFERROR(AD28-AE28,0) -> 0 | AG28: =IFERROR(IF(C28="Y",Settings!$B$4+Settings!$B$5,0),0) -> 0 | AH28: =IFERROR(IF(U28="","",IFERROR(VLOOKUP(U28,'Bucket Status'!$A$4:$B$75,2,FALSE()),0)-(SUMIF($U$5:$U27,U28,$AK$5:$AK27)+SUMIF($V$5:$V27,U28,$AL$5:$AL27)+SUMIF($Y$5:$Y27,U28,$AA$5:$AA27)+SUMIF($AC$5:$AC27,U28,$AE$5:$AE27))),"") | AI28: =IFERROR(IF(V28="","",IFERROR(VLOOKUP(V28,'Bucket Status'!$A$4:$B$75,2,FALSE()),0)-(SUMIF($U$5:$U27,V28,$AK$5:$AK27)+SUMIF($V$5:$V27,V28,$AL$5:$AL27)+SUMIF($Y$5:$Y27,V28,$AA$5:$AA27)+SUMIF($AC$5:$AC27,V28,$AE$5:$AE27))),"") | AJ28: =IFERROR(IF(AH28="","",AH28+IF(AI28="",0,AI28)),"") | AK28: =IFERROR(IF(I28="","",IF(U28="",0,IF(V28="",(I28-AA28-AE28),MIN(AH28,(I28-AA28-AE28))))),"") | AL28: =IFERROR(IF(I28="","",IF(V28="",0,MAX(0,(I28-AA28-AE28)-AK28))),"")
I29: =IFERROR(IF(H29="","",H29+AG29),"") | J29: =IFERROR(IF(OR(I29="",AJ29=""),"",AJ29-(AK29+AL29)),"") | K29: =IF(AND(AA29>0,AE29>0),TEXT(AA29,"0.000")&" kg "&Y29&" (funnel)"&" + "&TEXT(AE29,"0.000")&" kg "&AC29&" (funnel)",IF(AA29>0,TEXT(AA29,"0.000")&" kg "&Y29&" (funnel)",IF(AE29>0,TEXT(AE29,"0.000")&" kg "&AC29&" (funnel)",""))) | L29: =IF(OR(AK29="",AK29=0,U29=""),"",TEXT(AK29,"0.000")&" kg "&U29) | M29: =IF(OR(AL29="",AL29=0,V29=""),"",TEXT(AL29,"0.000")&" kg "&V29) | N29: =IF(OR(I29="",U29=""),"",TEXT(MAX(0,(AH29-AK29-IF(Y29=U29,AA29,0)-IF(AC29=U29,AE29,0))),"0.000")&" kg "&U29) | O29: =IF(OR(I29="",V29=""),"",TEXT(MAX(0,(AI29-AL29-IF(Y29=V29,AA29,0)-IF(AC29=V29,AE29,0))),"0.000")&" kg "&V29) | Q29: =IF($A29="","",IF(D29="",Q28,D29)) | R29: =IF($A29="","",IF(E29="",R28,E29)) | S29: =IF($A29="","",IF(F29="",S28,F29)) | T29: =IF($A29="","",IF(G29="",T28,G29)) | U29: =IF(OR(Q29="",R29=""),"",Q29&R29&"-") | V29: =IF(OR(S29="",T29=""),"",S29&T29&"-") | W29: =IF(AND(U29<>"",U28<>"",U29<>U28),1,0) -> 0 | X29: =IF(AND(V29<>"",V28<>"",V29<>V28),1,0) -> 0 | Y29: =IF(W29=1,U28,IF(AB28>0,Y28,"")) | Z29: =IF(W29=1,MAX(0,MIN(Settings!$B$6,(IFERROR(VLOOKUP(U28,'Bucket Status'!$A$4:$B$75,2,FALSE()),0)-(SUMIF($U$5:$U28,U28,$AK$5:$AK28)+SUMIF($V$5:$V28,U28,$AL$5:$AL28)+SUMIF($Y$5:$Y28,U28,$AA$5:$AA28)+SUMIF($AC$5:$AC28,U28,$AE$5:$AE28))))),IF(AB28>0,AB28,0)) -> 0 | AA29: =IFERROR(IF(I29="",0,MAX(0,MIN(Z29,I29))),0) -> 0 | AB29: =IFERROR(Z29-AA29,0) -> 0 | AC29: =IF(X29=1,V28,IF(AF28>0,AC28,"")) | AD29: =IF(X29=1,MAX(0,MIN(Settings!$B$6-Z29,(IFERROR(VLOOKUP(V28,'Bucket Status'!$A$4:$B$75,2,FALSE()),0)-(SUMIF($U$5:$U28,V28,$AK$5:$AK28)+SUMIF($V$5:$V28,V28,$AL$5:$AL28)+SUMIF($Y$5:$Y28,V28,$AA$5:$AA28)+SUMIF($AC$5:$AC28,V28,$AE$5:$AE28))))),IF(AF28>0,AF28,0)) -> 0 | AE29: =IFERROR(IF(I29="",0,MAX(0,MIN(AD29,I29-AA29))),0) -> 0 | AF29: =IFERROR(AD29-AE29,0) -> 0 | AG29: =IFERROR(IF(C29="Y",Settings!$B$4+Settings!$B$5,0),0) -> 0 | AH29: =IFERROR(IF(U29="","",IFERROR(VLOOKUP(U29,'Bucket Status'!$A$4:$B$75,2,FALSE()),0)-(SUMIF($U$5:$U28,U29,$AK$5:$AK28)+SUMIF($V$5:$V28,U29,$AL$5:$AL28)+SUMIF($Y$5:$Y28,U29,$AA$5:$AA28)+SUMIF($AC$5:$AC28,U29,$AE$5:$AE28))),"") | AI29: =IFERROR(IF(V29="","",IFERROR(VLOOKUP(V29,'Bucket Status'!$A$4:$B$75,2,FALSE()),0)-(SUMIF($U$5:$U28,V29,$AK$5:$AK28)+SUMIF($V$5:$V28,V29,$AL$5:$AL28)+SUMIF($Y$5:$Y28,V29,$AA$5:$AA28)+SUMIF($AC$5:$AC28,V29,$AE$5:$AE28))),"") | AJ29: =IFERROR(IF(AH29="","",AH29+IF(AI29="",0,AI29)),"") | AK29: =IFERROR(IF(I29="","",IF(U29="",0,IF(V29="",(I29-AA29-AE29),MIN(AH29,(I29-AA29-AE29))))),"") | AL29: =IFERROR(IF(I29="","",IF(V29="",0,MAX(0,(I29-AA29-AE29)-AK29))),"")
I30: =IFERROR(IF(H30="","",H30+AG30),"") | J30: =IFERROR(IF(OR(I30="",AJ30=""),"",AJ30-(AK30+AL30)),"") | K30: =IF(AND(AA30>0,AE30>0),TEXT(AA30,"0.000")&" kg "&Y30&" (funnel)"&" + "&TEXT(AE30,"0.000")&" kg "&AC30&" (funnel)",IF(AA30>0,TEXT(AA30,"0.000")&" kg "&Y30&" (funnel)",IF(AE30>0,TEXT(AE30,"0.000")&" kg "&AC30&" (funnel)",""))) | L30: =IF(OR(AK30="",AK30=0,U30=""),"",TEXT(AK30,"0.000")&" kg "&U30) | M30: =IF(OR(AL30="",AL30=0,V30=""),"",TEXT(AL30,"0.000")&" kg "&V30) | N30: =IF(OR(I30="",U30=""),"",TEXT(MAX(0,(AH30-AK30-IF(Y30=U30,AA30,0)-IF(AC30=U30,AE30,0))),"0.000")&" kg "&U30) | O30: =IF(OR(I30="",V30=""),"",TEXT(MAX(0,(AI30-AL30-IF(Y30=V30,AA30,0)-IF(AC30=V30,AE30,0))),"0.000")&" kg "&V30) | Q30: =IF($A30="","",IF(D30="",Q29,D30)) | R30: =IF($A30="","",IF(E30="",R29,E30)) | S30: =IF($A30="","",IF(F30="",S29,F30)) | T30: =IF($A30="","",IF(G30="",T29,G30)) | U30: =IF(OR(Q30="",R30=""),"",Q30&R30&"-") | V30: =IF(OR(S30="",T30=""),"",S30&T30&"-") | W30: =IF(AND(U30<>"",U29<>"",U30<>U29),1,0) -> 0 | X30: =IF(AND(V30<>"",V29<>"",V30<>V29),1,0) -> 0 | Y30: =IF(W30=1,U29,IF(AB29>0,Y29,"")) | Z30: =IF(W30=1,MAX(0,MIN(Settings!$B$6,(IFERROR(VLOOKUP(U29,'Bucket Status'!$A$4:$B$75,2,FALSE()),0)-(SUMIF($U$5:$U29,U29,$AK$5:$AK29)+SUMIF($V$5:$V29,U29,$AL$5:$AL29)+SUMIF($Y$5:$Y29,U29,$AA$5:$AA29)+SUMIF($AC$5:$AC29,U29,$AE$5:$AE29))))),IF(AB29>0,AB29,0)) -> 0 | AA30: =IFERROR(IF(I30="",0,MAX(0,MIN(Z30,I30))),0) -> 0 | AB30: =IFERROR(Z30-AA30,0) -> 0 | AC30: =IF(X30=1,V29,IF(AF29>0,AC29,"")) | AD30: =IF(X30=1,MAX(0,MIN(Settings!$B$6-Z30,(IFERROR(VLOOKUP(V29,'Bucket Status'!$A$4:$B$75,2,FALSE()),0)-(SUMIF($U$5:$U29,V29,$AK$5:$AK29)+SUMIF($V$5:$V29,V29,$AL$5:$AL29)+SUMIF($Y$5:$Y29,V29,$AA$5:$AA29)+SUMIF($AC$5:$AC29,V29,$AE$5:$AE29))))),IF(AF29>0,AF29,0)) -> 0 | AE30: =IFERROR(IF(I30="",0,MAX(0,MIN(AD30,I30-AA30))),0) -> 0 | AF30: =IFERROR(AD30-AE30,0) -> 0 | AG30: =IFERROR(IF(C30="Y",Settings!$B$4+Settings!$B$5,0),0) -> 0 | AH30: =IFERROR(IF(U30="","",IFERROR(VLOOKUP(U30,'Bucket Status'!$A$4:$B$75,2,FALSE()),0)-(SUMIF($U$5:$U29,U30,$AK$5:$AK29)+SUMIF($V$5:$V29,U30,$AL$5:$AL29)+SUMIF($Y$5:$Y29,U30,$AA$5:$AA29)+SUMIF($AC$5:$AC29,U30,$AE$5:$AE29))),"") | AI30: =IFERROR(IF(V30="","",IFERROR(VLOOKUP(V30,'Bucket Status'!$A$4:$B$75,2,FALSE()),0)-(SUMIF($U$5:$U29,V30,$AK$5:$AK29)+SUMIF($V$5:$V29,V30,$AL$5:$AL29)+SUMIF($Y$5:$Y29,V30,$AA$5:$AA29)+SUMIF($AC$5:$AC29,V30,$AE$5:$AE29))),"") | AJ30: =IFERROR(IF(AH30="","",AH30+IF(AI30="",0,AI30)),"") | AK30: =IFERROR(IF(I30="","",IF(U30="",0,IF(V30="",(I30-AA30-AE30),MIN(AH30,(I30-AA30-AE30))))),"") | AL30: =IFERROR(IF(I30="","",IF(V30="",0,MAX(0,(I30-AA30-AE30)-AK30))),"")
I31: =IFERROR(IF(H31="","",H31+AG31),"") | J31: =IFERROR(IF(OR(I31="",AJ31=""),"",AJ31-(AK31+AL31)),"") | K31: =IF(AND(AA31>0,AE31>0),TEXT(AA31,"0.000")&" kg "&Y31&" (funnel)"&" + "&TEXT(AE31,"0.000")&" kg "&AC31&" (funnel)",IF(AA31>0,TEXT(AA31,"0.000")&" kg "&Y31&" (funnel)",IF(AE31>0,TEXT(AE31,"0.000")&" kg "&AC31&" (funnel)",""))) | L31: =IF(OR(AK31="",AK31=0,U31=""),"",TEXT(AK31,"0.000")&" kg "&U31) | M31: =IF(OR(AL31="",AL31=0,V31=""),"",TEXT(AL31,"0.000")&" kg "&V31) | N31: =IF(OR(I31="",U31=""),"",TEXT(MAX(0,(AH31-AK31-IF(Y31=U31,AA31,0)-IF(AC31=U31,AE31,0))),"0.000")&" kg "&U31) | O31: =IF(OR(I31="",V31=""),"",TEXT(MAX(0,(AI31-AL31-IF(Y31=V31,AA31,0)-IF(AC31=V31,AE31,0))),"0.000")&" kg "&V31) | Q31: =IF($A31="","",IF(D31="",Q30,D31)) | R31: =IF($A31="","",IF(E31="",R30,E31)) | S31: =IF($A31="","",IF(F31="",S30,F31)) | T31: =IF($A31="","",IF(G31="",T30,G31)) | U31: =IF(OR(Q31="",R31=""),"",Q31&R31&"-") | V31: =IF(OR(S31="",T31=""),"",S31&T31&"-") | W31: =IF(AND(U31<>"",U30<>"",U31<>U30),1,0) -> 0 | X31: =IF(AND(V31<>"",V30<>"",V31<>V30),1,0) -> 0 | Y31: =IF(W31=1,U30,IF(AB30>0,Y30,"")) | Z31: =IF(W31=1,MAX(0,MIN(Settings!$B$6,(IFERROR(VLOOKUP(U30,'Bucket Status'!$A$4:$B$75,2,FALSE()),0)-(SUMIF($U$5:$U30,U30,$AK$5:$AK30)+SUMIF($V$5:$V30,U30,$AL$5:$AL30)+SUMIF($Y$5:$Y30,U30,$AA$5:$AA30)+SUMIF($AC$5:$AC30,U30,$AE$5:$AE30))))),IF(AB30>0,AB30,0)) -> 0 | AA31: =IFERROR(IF(I31="",0,MAX(0,MIN(Z31,I31))),0) -> 0 | AB31: =IFERROR(Z31-AA31,0) -> 0 | AC31: =IF(X31=1,V30,IF(AF30>0,AC30,"")) | AD31: =IF(X31=1,MAX(0,MIN(Settings!$B$6-Z31,(IFERROR(VLOOKUP(V30,'Bucket Status'!$A$4:$B$75,2,FALSE()),0)-(SUMIF($U$5:$U30,V30,$AK$5:$AK30)+SUMIF($V$5:$V30,V30,$AL$5:$AL30)+SUMIF($Y$5:$Y30,V30,$AA$5:$AA30)+SUMIF($AC$5:$AC30,V30,$AE$5:$AE30))))),IF(AF30>0,AF30,0)) -> 0 | AE31: =IFERROR(IF(I31="",0,MAX(0,MIN(AD31,I31-AA31))),0) -> 0 | AF31: =IFERROR(AD31-AE31,0) -> 0 | AG31: =IFERROR(IF(C31="Y",Settings!$B$4+Settings!$B$5,0),0) -> 0 | AH31: =IFERROR(IF(U31="","",IFERROR(VLOOKUP(U31,'Bucket Status'!$A$4:$B$75,2,FALSE()),0)-(SUMIF($U$5:$U30,U31,$AK$5:$AK30)+SUMIF($V$5:$V30,U31,$AL$5:$AL30)+SUMIF($Y$5:$Y30,U31,$AA$5:$AA30)+SUMIF($AC$5:$AC30,U31,$AE$5:$AE30))),"") | AI31: =IFERROR(IF(V31="","",IFERROR(VLOOKUP(V31,'Bucket Status'!$A$4:$B$75,2,FALSE()),0)-(SUMIF($U$5:$U30,V31,$AK$5:$AK30)+SUMIF($V$5:$V30,V31,$AL$5:$AL30)+SUMIF($Y$5:$Y30,V31,$AA$5:$AA30)+SUMIF($AC$5:$AC30,V31,$AE$5:$AE30))),"") | AJ31: =IFERROR(IF(AH31="","",AH31+IF(AI31="",0,AI31)),"") | AK31: =IFERROR(IF(I31="","",IF(U31="",0,IF(V31="",(I31-AA31-AE31),MIN(AH31,(I31-AA31-AE31))))),"") | AL31: =IFERROR(IF(I31="","",IF(V31="",0,MAX(0,(I31-AA31-AE31)-AK31))),"")
I32: =IFERROR(IF(H32="","",H32+AG32),"") | J32: =IFERROR(IF(OR(I32="",AJ32=""),"",AJ32-(AK32+AL32)),"") | K32: =IF(AND(AA32>0,AE32>0),TEXT(AA32,"0.000")&" kg "&Y32&" (funnel)"&" + "&TEXT(AE32,"0.000")&" kg "&AC32&" (funnel)",IF(AA32>0,TEXT(AA32,"0.000")&" kg "&Y32&" (funnel)",IF(AE32>0,TEXT(AE32,"0.000")&" kg "&AC32&" (funnel)",""))) | L32: =IF(OR(AK32="",AK32=0,U32=""),"",TEXT(AK32,"0.000")&" kg "&U32) | M32: =IF(OR(AL32="",AL32=0,V32=""),"",TEXT(AL32,"0.000")&" kg "&V32) | N32: =IF(OR(I32="",U32=""),"",TEXT(MAX(0,(AH32-AK32-IF(Y32=U32,AA32,0)-IF(AC32=U32,AE32,0))),"0.000")&" kg "&U32) | O32: =IF(OR(I32="",V32=""),"",TEXT(MAX(0,(AI32-AL32-IF(Y32=V32,AA32,0)-IF(AC32=V32,AE32,0))),"0.000")&" kg "&V32) | Q32: =IF($A32="","",IF(D32="",Q31,D32)) | R32: =IF($A32="","",IF(E32="",R31,E32)) | S32: =IF($A32="","",IF(F32="",S31,F32)) | T32: =IF($A32="","",IF(G32="",T31,G32)) | U32: =IF(OR(Q32="",R32=""),"",Q32&R32&"-") | V32: =IF(OR(S32="",T32=""),"",S32&T32&"-") | W32: =IF(AND(U32<>"",U31<>"",U32<>U31),1,0) -> 0 | X32: =IF(AND(V32<>"",V31<>"",V32<>V31),1,0) -> 0 | Y32: =IF(W32=1,U31,IF(AB31>0,Y31,"")) | Z32: =IF(W32=1,MAX(0,MIN(Settings!$B$6,(IFERROR(VLOOKUP(U31,'Bucket Status'!$A$4:$B$75,2,FALSE()),0)-(SUMIF($U$5:$U31,U31,$AK$5:$AK31)+SUMIF($V$5:$V31,U31,$AL$5:$AL31)+SUMIF($Y$5:$Y31,U31,$AA$5:$AA31)+SUMIF($AC$5:$AC31,U31,$AE$5:$AE31))))),IF(AB31>0,AB31,0)) -> 0 | AA32: =IFERROR(IF(I32="",0,MAX(0,MIN(Z32,I32))),0) -> 0 | AB32: =IFERROR(Z32-AA32,0) -> 0 | AC32: =IF(X32=1,V31,IF(AF31>0,AC31,"")) | AD32: =IF(X32=1,MAX(0,MIN(Settings!$B$6-Z32,(IFERROR(VLOOKUP(V31,'Bucket Status'!$A$4:$B$75,2,FALSE()),0)-(SUMIF($U$5:$U31,V31,$AK$5:$AK31)+SUMIF($V$5:$V31,V31,$AL$5:$AL31)+SUMIF($Y$5:$Y31,V31,$AA$5:$AA31)+SUMIF($AC$5:$AC31,V31,$AE$5:$AE31))))),IF(AF31>0,AF31,0)) -> 0 | AE32: =IFERROR(IF(I32="",0,MAX(0,MIN(AD32,I32-AA32))),0) -> 0 | AF32: =IFERROR(AD32-AE32,0) -> 0 | AG32: =IFERROR(IF(C32="Y",Settings!$B$4+Settings!$B$5,0),0) -> 0 | AH32: =IFERROR(IF(U32="","",IFERROR(VLOOKUP(U32,'Bucket Status'!$A$4:$B$75,2,FALSE()),0)-(SUMIF($U$5:$U31,U32,$AK$5:$AK31)+SUMIF($V$5:$V31,U32,$AL$5:$AL31)+SUMIF($Y$5:$Y31,U32,$AA$5:$AA31)+SUMIF($AC$5:$AC31,U32,$AE$5:$AE31))),"") | AI32: =IFERROR(IF(V32="","",IFERROR(VLOOKUP(V32,'Bucket Status'!$A$4:$B$75,2,FALSE()),0)-(SUMIF($U$5:$U31,V32,$AK$5:$AK31)+SUMIF($V$5:$V31,V32,$AL$5:$AL31)+SUMIF($Y$5:$Y31,V32,$AA$5:$AA31)+SUMIF($AC$5:$AC31,V32,$AE$5:$AE31))),"") | AJ32: =IFERROR(IF(AH32="","",AH32+IF(AI32="",0,AI32)),"") | AK32: =IFERROR(IF(I32="","",IF(U32="",0,IF(V32="",(I32-AA32-AE32),MIN(AH32,(I32-AA32-AE32))))),"") | AL32: =IFERROR(IF(I32="","",IF(V32="",0,MAX(0,(I32-AA32-AE32)-AK32))),"")
I33: =IFERROR(IF(H33="","",H33+AG33),"") | J33: =IFERROR(IF(OR(I33="",AJ33=""),"",AJ33-(AK33+AL33)),"") | K33: =IF(AND(AA33>0,AE33>0),TEXT(AA33,"0.000")&" kg "&Y33&" (funnel)"&" + "&TEXT(AE33,"0.000")&" kg "&AC33&" (funnel)",IF(AA33>0,TEXT(AA33,"0.000")&" kg "&Y33&" (funnel)",IF(AE33>0,TEXT(AE33,"0.000")&" kg "&AC33&" (funnel)",""))) | L33: =IF(OR(AK33="",AK33=0,U33=""),"",TEXT(AK33,"0.000")&" kg "&U33) | M33: =IF(OR(AL33="",AL33=0,V33=""),"",TEXT(AL33,"0.000")&" kg "&V33) | N33: =IF(OR(I33="",U33=""),"",TEXT(MAX(0,(AH33-AK33-IF(Y33=U33,AA33,0)-IF(AC33=U33,AE33,0))),"0.000")&" kg "&U33) | O33: =IF(OR(I33="",V33=""),"",TEXT(MAX(0,(AI33-AL33-IF(Y33=V33,AA33,0)-IF(AC33=V33,AE33,0))),"0.000")&" kg "&V33) | Q33: =IF($A33="","",IF(D33="",Q32,D33)) | R33: =IF($A33="","",IF(E33="",R32,E33)) | S33: =IF($A33="","",IF(F33="",S32,F33)) | T33: =IF($A33="","",IF(G33="",T32,G33)) | U33: =IF(OR(Q33="",R33=""),"",Q33&R33&"-") | V33: =IF(OR(S33="",T33=""),"",S33&T33&"-") | W33: =IF(AND(U33<>"",U32<>"",U33<>U32),1,0) -> 0 | X33: =IF(AND(V33<>"",V32<>"",V33<>V32),1,0) -> 0 | Y33: =IF(W33=1,U32,IF(AB32>0,Y32,"")) | Z33: =IF(W33=1,MAX(0,MIN(Settings!$B$6,(IFERROR(VLOOKUP(U32,'Bucket Status'!$A$4:$B$75,2,FALSE()),0)-(SUMIF($U$5:$U32,U32,$AK$5:$AK32)+SUMIF($V$5:$V32,U32,$AL$5:$AL32)+SUMIF($Y$5:$Y32,U32,$AA$5:$AA32)+SUMIF($AC$5:$AC32,U32,$AE$5:$AE32))))),IF(AB32>0,AB32,0)) -> 0 | AA33: =IFERROR(IF(I33="",0,MAX(0,MIN(Z33,I33))),0) -> 0 | AB33: =IFERROR(Z33-AA33,0) -> 0 | AC33: =IF(X33=1,V32,IF(AF32>0,AC32,"")) | AD33: =IF(X33=1,MAX(0,MIN(Settings!$B$6-Z33,(IFERROR(VLOOKUP(V32,'Bucket Status'!$A$4:$B$75,2,FALSE()),0)-(SUMIF($U$5:$U32,V32,$AK$5:$AK32)+SUMIF($V$5:$V32,V32,$AL$5:$AL32)+SUMIF($Y$5:$Y32,V32,$AA$5:$AA32)+SUMIF($AC$5:$AC32,V32,$AE$5:$AE32))))),IF(AF32>0,AF32,0)) -> 0 | AE33: =IFERROR(IF(I33="",0,MAX(0,MIN(AD33,I33-AA33))),0) -> 0 | AF33: =IFERROR(AD33-AE33,0) -> 0 | AG33: =IFERROR(IF(C33="Y",Settings!$B$4+Settings!$B$5,0),0) -> 0 | AH33: =IFERROR(IF(U33="","",IFERROR(VLOOKUP(U33,'Bucket Status'!$A$4:$B$75,2,FALSE()),0)-(SUMIF($U$5:$U32,U33,$AK$5:$AK32)+SUMIF($V$5:$V32,U33,$AL$5:$AL32)+SUMIF($Y$5:$Y32,U33,$AA$5:$AA32)+SUMIF($AC$5:$AC32,U33,$AE$5:$AE32))),"") | AI33: =IFERROR(IF(V33="","",IFERROR(VLOOKUP(V33,'Bucket Status'!$A$4:$B$75,2,FALSE()),0)-(SUMIF($U$5:$U32,V33,$AK$5:$AK32)+SUMIF($V$5:$V32,V33,$AL$5:$AL32)+SUMIF($Y$5:$Y32,V33,$AA$5:$AA32)+SUMIF($AC$5:$AC32,V33,$AE$5:$AE32))),"") | AJ33: =IFERROR(IF(AH33="","",AH33+IF(AI33="",0,AI33)),"") | AK33: =IFERROR(IF(I33="","",IF(U33="",0,IF(V33="",(I33-AA33-AE33),MIN(AH33,(I33-AA33-AE33))))),"") | AL33: =IFERROR(IF(I33="","",IF(V33="",0,MAX(0,(I33-AA33-AE33)-AK33))),"")
I34: =IFERROR(IF(H34="","",H34+AG34),"") | J34: =IFERROR(IF(OR(I34="",AJ34=""),"",AJ34-(AK34+AL34)),"") | K34: =IF(AND(AA34>0,AE34>0),TEXT(AA34,"0.000")&" kg "&Y34&" (funnel)"&" + "&TEXT(AE34,"0.000")&" kg "&AC34&" (funnel)",IF(AA34>0,TEXT(AA34,"0.000")&" kg "&Y34&" (funnel)",IF(AE34>0,TEXT(AE34,"0.000")&" kg "&AC34&" (funnel)",""))) | L34: =IF(OR(AK34="",AK34=0,U34=""),"",TEXT(AK34,"0.000")&" kg "&U34) | M34: =IF(OR(AL34="",AL34=0,V34=""),"",TEXT(AL34,"0.000")&" kg "&V34) | N34: =IF(OR(I34="",U34=""),"",TEXT(MAX(0,(AH34-AK34-IF(Y34=U34,AA34,0)-IF(AC34=U34,AE34,0))),"0.000")&" kg "&U34) | O34: =IF(OR(I34="",V34=""),"",TEXT(MAX(0,(AI34-AL34-IF(Y34=V34,AA34,0)-IF(AC34=V34,AE34,0))),"0.000")&" kg "&V34) | Q34: =IF($A34="","",IF(D34="",Q33,D34)) | R34: =IF($A34="","",IF(E34="",R33,E34)) | S34: =IF($A34="","",IF(F34="",S33,F34)) | T34: =IF($A34="","",IF(G34="",T33,G34)) | U34: =IF(OR(Q34="",R34=""),"",Q34&R34&"-") | V34: =IF(OR(S34="",T34=""),"",S34&T34&"-") | W34: =IF(AND(U34<>"",U33<>"",U34<>U33),1,0) -> 0 | X34: =IF(AND(V34<>"",V33<>"",V34<>V33),1,0) -> 0 | Y34: =IF(W34=1,U33,IF(AB33>0,Y33,"")) | Z34: =IF(W34=1,MAX(0,MIN(Settings!$B$6,(IFERROR(VLOOKUP(U33,'Bucket Status'!$A$4:$B$75,2,FALSE()),0)-(SUMIF($U$5:$U33,U33,$AK$5:$AK33)+SUMIF($V$5:$V33,U33,$AL$5:$AL33)+SUMIF($Y$5:$Y33,U33,$AA$5:$AA33)+SUMIF($AC$5:$AC33,U33,$AE$5:$AE33))))),IF(AB33>0,AB33,0)) -> 0 | AA34: =IFERROR(IF(I34="",0,MAX(0,MIN(Z34,I34))),0) -> 0 | AB34: =IFERROR(Z34-AA34,0) -> 0 | AC34: =IF(X34=1,V33,IF(AF33>0,AC33,"")) | AD34: =IF(X34=1,MAX(0,MIN(Settings!$B$6-Z34,(IFERROR(VLOOKUP(V33,'Bucket Status'!$A$4:$B$75,2,FALSE()),0)-(SUMIF($U$5:$U33,V33,$AK$5:$AK33)+SUMIF($V$5:$V33,V33,$AL$5:$AL33)+SUMIF($Y$5:$Y33,V33,$AA$5:$AA33)+SUMIF($AC$5:$AC33,V33,$AE$5:$AE33))))),IF(AF33>0,AF33,0)) -> 0 | AE34: =IFERROR(IF(I34="",0,MAX(0,MIN(AD34,I34-AA34))),0) -> 0 | AF34: =IFERROR(AD34-AE34,0) -> 0 | AG34: =IFERROR(IF(C34="Y",Settings!$B$4+Settings!$B$5,0),0) -> 0 | AH34: =IFERROR(IF(U34="","",IFERROR(VLOOKUP(U34,'Bucket Status'!$A$4:$B$75,2,FALSE()),0)-(SUMIF($U$5:$U33,U34,$AK$5:$AK33)+SUMIF($V$5:$V33,U34,$AL$5:$AL33)+SUMIF($Y$5:$Y33,U34,$AA$5:$AA33)+SUMIF($AC$5:$AC33,U34,$AE$5:$AE33))),"") | AI34: =IFERROR(IF(V34="","",IFERROR(VLOOKUP(V34,'Bucket Status'!$A$4:$B$75,2,FALSE()),0)-(SUMIF($U$5:$U33,V34,$AK$5:$AK33)+SUMIF($V$5:$V33,V34,$AL$5:$AL33)+SUMIF($Y$5:$Y33,V34,$AA$5:$AA33)+SUMIF($AC$5:$AC33,V34,$AE$5:$AE33))),"") | AJ34: =IFERROR(IF(AH34="","",AH34+IF(AI34="",0,AI34)),"") | AK34: =IFERROR(IF(I34="","",IF(U34="",0,IF(V34="",(I34-AA34-AE34),MIN(AH34,(I34-AA34-AE34))))),"") | AL34: =IFERROR(IF(I34="","",IF(V34="",0,MAX(0,(I34-AA34-AE34)-AK34))),"")
... I104: =IFERROR(IF(H104="","",H104+AG104),"") | J104: =IFERROR(IF(OR(I104="",AJ104=""),"",AJ104-(AK104+AL104)),"") | K104: =IF(AND(AA104>0,AE104>0),TEXT(AA104,"0.000")&" kg "&Y104&" (funnel)"&" + "&TEXT(AE104,"0.000")&" kg "&AC104&" (funnel)",IF(AA104>0,TEXT(AA104,"0.000")&" kg "&Y104&" (funnel)",IF(AE104>0,TEXT(AE104,"0.000")&" kg "&AC104&" (funnel)",""))) | L104: =IF(OR(AK104="",AK104=0,U104=""),"",TEXT(AK104,"0.000")&" kg "&U104) | M104: =IF(OR(AL104="",AL104=0,V104=""),"",TEXT(AL104,"0.000")&" kg "&V104) | N104: =IF(OR(I104="",U104=""),"",TEXT(MAX(0,(AH104-AK104-IF(Y104=U104,AA104,0)-IF(AC104=U104,AE104,0))),"0.000")&" kg "&U104) | O104: =IF(OR(I104="",V104=""),"",TEXT(MAX(0,(AI104-AL104-IF(Y104=V104,AA104,0)-IF(AC104=V104,AE104,0))),"0.000")&" kg "&V104) | Q104: =IF($A104="","",IF(D104="",Q103,D104)) | R104: =IF($A104="","",IF(E104="",R103,E104)) | S104: =IF($A104="","",IF(F104="",S103,F104)) | T104: =IF($A104="","",IF(G104="",T103,G104)) | U104: =IF(OR(Q104="",R104=""),"",Q104&R104&"-") | V104: =IF(OR(S104="",T104=""),"",S104&T104&"-") | W104: =IF(AND(U104<>"",U103<>"",U104<>U103),1,0) -> 0 | X104: =IF(AND(V104<>"",V103<>"",V104<>V103),1,0) -> 0 | Y104: =IF(W104=1,U103,IF(AB103>0,Y103,"")) | Z104: =IF(W104=1,MAX(0,MIN(Settings!$B$6,(IFERROR(VLOOKUP(U103,'Bucket Status'!$A$4:$B$75,2,FALSE()),0)-(SUMIF($U$5:$U103,U103,$AK$5:$AK103)+SUMIF($V$5:$V103,U103,$AL$5:$AL103)+SUMIF($Y$5:$Y103,U103,$AA$5:$AA103)+SUMIF($AC$5:$AC103,U103,$AE$5:$AE103))))),IF(AB103>0,AB103,0)) -> 0 | AA104: =IFERROR(IF(I104="",0,MAX(0,MIN(Z104,I104))),0) -> 0 | AB104: =IFERROR(Z104-AA104,0) -> 0 | AC104: =IF(X104=1,V103,IF(AF103>0,AC103,"")) | AD104: =IF(X104=1,MAX(0,MIN(Settings!$B$6-Z104,(IFERROR(VLOOKUP(V103,'Bucket Status'!$A$4:$B$75,2,FALSE()),0)-(SUMIF($U$5:$U103,V103,$AK$5:$AK103)+SUMIF($V$5:$V103,V103,$AL$5:$AL103)+SUMIF($Y$5:$Y103,V103,$AA$5:$AA103)+SUMIF($AC$5:$AC103,V103,$AE$5:$AE103))))),IF(AF103>0,AF103,0)) -> 0 | AE104: =IFERROR(IF(I104="",0,MAX(0,MIN(AD104,I104-AA104))),0) -> 0 | AF104: =IFERROR(AD104-AE104,0) -> 0 | AG104: =IFERROR(IF(C104="Y",Settings!$B$4+Settings!$B$5,0),0) -> 0 | AH104: =IFERROR(IF(U104="","",IFERROR(VLOOKUP(U104,'Bucket Status'!$A$4:$B$75,2,FALSE()),0)-(SUMIF($U$5:$U103,U104,$AK$5:$AK103)+SUMIF($V$5:$V103,U104,$AL$5:$AL103)+SUMIF($Y$5:$Y103,U104,$AA$5:$AA103)+SUMIF($AC$5:$AC103,U104,$AE$5:$AE103))),"") | AI104: =IFERROR(IF(V104="","",IFERROR(VLOOKUP(V104,'Bucket Status'!$A$4:$B$75,2,FALSE()),0)-(SUMIF($U$5:$U103,V104,$AK$5:$AK103)+SUMIF($V$5:$V103,V104,$AL$5:$AL103)+SUMIF($Y$5:$Y103,V104,$AA$5:$AA103)+SUMIF($AC$5:$AC103,V104,$AE$5:$AE103))),"") | AJ104: =IFERROR(IF(AH104="","",AH104+IF(AI104="",0,AI104)),"") | AK104: =IFERROR(IF(I104="","",IF(U104="",0,IF(V104="",(I104-AA104-AE104),MIN(AH104,(I104-AA104-AE104))))),"") | AL104: =IFERROR(IF(I104="","",IF(V104="",0,MAX(0,(I104-AA104-AE104)-AK104))),"")
A105: Totals | H105: =SUM(H5:H104) -> 60.43 | I105: =SUM(I5:I104) -> 60.43 | AA105: =SUM(AA5:AA104) -> 0 | AE105: =SUM(AE5:AE104) -> 10.8 | AG105: =SUM(AG5:AG104) -> 0 | AK105: =SUM(AK5:AK104) -> 34.62 | AL105: =SUM(AL5:AL104) -> 15.01

Sheet New P110
A1: EOS P110 — New P110 Build Log
A2: Build info | D2: Slot 1 bucket | F2: Slot 2 bucket | H2: Usage | I2: Result | K2: Powder source (FIFO: funnel→slot1→slot2) | N2: Slot remaining | P2: Notes | Q2: Calculated detail (click + to expand)
A4: Build # | B4: Date | C4: Cleaned Chamber? | D4: Slot 1 Cycle | E4: Slot 1 Bucket | F4: Slot 2 Cycle | G4: Slot 2 Bucket | H4: Calc. usage (kg) | I4: Total drawn (kg) | J4: Total LEFT (kg) | K4: Draw from funnel | L4: Draw from slot 1 | M4: Draw from slot 2 | N4: Slot 1 left | O4: Slot 2 left | P4: Notes | Q4: Eff S1 Cyc | R4: Eff S1 Bkt | S4: Eff S2 Cyc | T4: Eff S2 Bkt | U4: Slot 1 Key | V4: Slot 2 Key | W4: Swap1? | X4: Swap2? | Y4: Funnel1 bkt | Z4: Funnel1 start | AA4: Funnel1 used | AB4: Funnel1 end | AC4: Funnel2 bkt | AD4: Funnel2 start | AE4: Funnel2 used | AF4: Funnel2 end | AG4: Roller fill (kg) | AH4: Slot 1 avail | AI4: Slot 2 avail | AJ4: Total avail
A5: temp search | C5: Y | D5: M1 | E5: E | F5: M1 | G5: F | H5: 1.8 | I5: =IFERROR(IF(H5="","",H5+AG5),"") -> 3 | J5: =IFERROR(IF(OR(I5="",AJ5=""),"",AJ5-(AK5+AL5)),"") -> 6.19 | K5: =IF(AND(AA5>0,AE5>0),TEXT(AA5,"0.000")&" kg "&Y5&" (funnel)"&" + "&TEXT(AE5,"0.000")&" kg "&AC5&" (funnel)",IF(AA5>0,TEXT(AA5,"0.000")&" kg "&Y5&" (funnel)",IF(AE5>0,TEXT(AE5,"0.000")&" kg "&AC5&" (funnel)",""))) | L5: =IF(OR(AK5="",AK5=0,U5=""),"",TEXT(AK5,"0.000")&" kg "&U5) -> 3.000 kg M1E- | M5: =IF(OR(AL5="",AL5=0,V5=""),"",TEXT(AL5,"0.000")&" kg "&V5) | N5: =IF(OR(I5="",U5=""),"",TEXT(MAX(0,(AH5-AK5-IF(Y5=U5,AA5,0)-IF(AC5=U5,AE5,0))),"0.000")&" kg "&U5) -> 1.550 kg M1E- | O5: =IF(OR(I5="",V5=""),"",TEXT(MAX(0,(AI5-AL5-IF(Y5=V5,AA5,0)-IF(AC5=V5,AE5,0))),"0.000")&" kg "&V5) -> 4.640 kg M1F- | Q5: =IF($A5="","",IF(D5="","",D5)) -> M1 | R5: =IF($A5="","",IF(E5="","",E5)) -> E | S5: =IF($A5="","",IF(F5="","",F5)) -> M1 | T5: =IF($A5="","",IF(G5="","",G5)) -> F | U5: =IF(OR(Q5="",R5=""),"",Q5&R5&"-") -> M1E- | V5: =IF(OR(S5="",T5=""),"",S5&T5&"-") -> M1F- | W5: =0 -> 0 | X5: =0 -> 0 | Y5: ="" | Z5: =0 -> 0 | AA5: =IFERROR(IF(I5="",0,MAX(0,MIN(Z5,I5))),0) -> 0 | AB5: =IFERROR(Z5-AA5,0) -> 0 | AC5: ="" | AD5: =0 -> 0 | AE5: =IFERROR(IF(I5="",0,MAX(0,MIN(AD5,I5-AA5))),0) -> 0 | AF5: =IFERROR(AD5-AE5,0) -> 0 | AG5: =IFERROR(IF(C5="Y",Settings!$B$4+Settings!$B$5,0),0) -> 1.2 | AH5: =IFERROR(IF(U5="","",IFERROR(VLOOKUP(U5,'Bucket Status'!$A$4:$B$75,2,FALSE()),0)-0),"") -> 4.55 | AI5: =IFERROR(IF(V5="","",IFERROR(VLOOKUP(V5,'Bucket Status'!$A$4:$B$75,2,FALSE()),0)-0),"") -> 4.64 | AJ5: =IFERROR(IF(AH5="","",AH5+IF(AI5="",0,AI5)),"") -> 9.19 | AK5: =IFERROR(IF(I5="","",IF(U5="",0,IF(V5="",(I5-AA5-AE5),MIN(AH5,(I5-AA5-AE5))))),"") -> 3 | AL5: =IFERROR(IF(I5="","",IF(V5="",0,MAX(0,(I5-AA5-AE5)-AK5))),"") -> 0
A6: B-2757 | B6: 46279 | H6: 3.4 | I6: =IFERROR(IF(H6="","",H6+AG6),"") -> 3.4 | J6: =IFERROR(IF(OR(I6="",AJ6=""),"",AJ6-(AK6+AL6)),"") -> 2.79 | K6: =IF(AND(AA6>0,AE6>0),TEXT(AA6,"0.000")&" kg "&Y6&" (funnel)"&" + "&TEXT(AE6,"0.000")&" kg "&AC6&" (funnel)",IF(AA6>0,TEXT(AA6,"0.000")&" kg "&Y6&" (funnel)",IF(AE6>0,TEXT(AE6,"0.000")&" kg "&AC6&" (funnel)",""))) | L6: =IF(OR(AK6="",AK6=0,U6=""),"",TEXT(AK6,"0.000")&" kg "&U6) -> 1.550 kg M1E- | M6: =IF(OR(AL6="",AL6=0,V6=""),"",TEXT(AL6,"0.000")&" kg "&V6) -> 1.850 kg M1F- | N6: =IF(OR(I6="",U6=""),"",TEXT(MAX(0,(AH6-AK6-IF(Y6=U6,AA6,0)-IF(AC6=U6,AE6,0))),"0.000")&" kg "&U6) -> 0.000 kg M1E- | O6: =IF(OR(I6="",V6=""),"",TEXT(MAX(0,(AI6-AL6-IF(Y6=V6,AA6,0)-IF(AC6=V6,AE6,0))),"0.000")&" kg "&V6) -> 2.790 kg M1F- | Q6: =IF($A6="","",IF(D6="",Q5,D6)) -> M1 | R6: =IF($A6="","",IF(E6="",R5,E6)) -> E | S6: =IF($A6="","",IF(F6="",S5,F6)) -> M1 | T6: =IF($A6="","",IF(G6="",T5,G6)) -> F | U6: =IF(OR(Q6="",R6=""),"",Q6&R6&"-") -> M1E- | V6: =IF(OR(S6="",T6=""),"",S6&T6&"-") -> M1F- | W6: =IF(AND(U6<>"",U5<>"",U6<>U5),1,0) -> 0 | X6: =IF(AND(V6<>"",V5<>"",V6<>V5),1,0) -> 0 | Y6: =IF(W6=1,U5,IF(AB5>0,Y5,"")) | Z6: =IF(W6=1,MAX(0,MIN(Settings!$B$6,(IFERROR(VLOOKUP(U5,'Bucket Status'!$A$4:$B$75,2,FALSE()),0)-(SUMIF($U$5:$U5,U5,$AK$5:$AK5)+SUMIF($V$5:$V5,U5,$AL$5:$AL5)+SUMIF($Y$5:$Y5,U5,$AA$5:$AA5)+SUMIF($AC$5:$AC5,U5,$AE$5:$AE5))))),IF(AB5>0,AB5,0)) -> 0 | AA6: =IFERROR(IF(I6="",0,MAX(0,MIN(Z6,I6))),0) -> 0 | AB6: =IFERROR(Z6-AA6,0) -> 0 | AC6: =IF(X6=1,V5,IF(AF5>0,AC5,"")) | AD6: =IF(X6=1,MAX(0,MIN(Settings!$B$6-Z6,(IFERROR(VLOOKUP(V5,'Bucket Status'!$A$4:$B$75,2,FALSE()),0)-(SUMIF($U$5:$U5,V5,$AK$5:$AK5)+SUMIF($V$5:$V5,V5,$AL$5:$AL5)+SUMIF($Y$5:$Y5,V5,$AA$5:$AA5)+SUMIF($AC$5:$AC5,V5,$AE$5:$AE5))))),IF(AF5>0,AF5,0)) -> 0 | AE6: =IFERROR(IF(I6="",0,MAX(0,MIN(AD6,I6-AA6))),0) -> 0 | AF6: =IFERROR(AD6-AE6,0) -> 0 | AG6: =IFERROR(IF(C6="Y",Settings!$B$4+Settings!$B$5,0),0) -> 0 | AH6: =IFERROR(IF(U6="","",IFERROR(VLOOKUP(U6,'Bucket Status'!$A$4:$B$75,2,FALSE()),0)-(SUMIF($U$5:$U5,U6,$AK$5:$AK5)+SUMIF($V$5:$V5,U6,$AL$5:$AL5)+SUMIF($Y$5:$Y5,U6,$AA$5:$AA5)+SUMIF($AC$5:$AC5,U6,$AE$5:$AE5))),"") -> 1.55 | AI6: =IFERROR(IF(V6="","",IFERROR(VLOOKUP(V6,'Bucket Status'!$A$4:$B$75,2,FALSE()),0)-(SUMIF($U$5:$U5,V6,$AK$5:$AK5)+SUMIF($V$5:$V5,V6,$AL$5:$AL5)+SUMIF($Y$5:$Y5,V6,$AA$5:$AA5)+SUMIF($AC$5:$AC5,V6,$AE$5:$AE5))),"") -> 4.64 | AJ6: =IFERROR(IF(AH6="","",AH6+IF(AI6="",0,AI6)),"") -> 6.19 | AK6: =IFERROR(IF(I6="","",IF(U6="",0,IF(V6="",(I6-AA6-AE6),MIN(AH6,(I6-AA6-AE6))))),"") -> 1.55 | AL6: =IFERROR(IF(I6="","",IF(V6="",0,MAX(0,(I6-AA6-AE6)-AK6))),"") -> 1.85
A7: B-2759 | B7: 46280 | F7: M1 | G7: G | H7: 3.93 | I7: =IFERROR(IF(H7="","",H7+AG7),"") -> 3.93 | J7: =IFERROR(IF(OR(I7="",AJ7=""),"",AJ7-(AK7+AL7)),"") -> 3.67 | K7: =IF(AND(AA7>0,AE7>0),TEXT(AA7,"0.000")&" kg "&Y7&" (funnel)"&" + "&TEXT(AE7,"0.000")&" kg "&AC7&" (funnel)",IF(AA7>0,TEXT(AA7,"0.000")&" kg "&Y7&" (funnel)",IF(AE7>0,TEXT(AE7,"0.000")&" kg "&AC7&" (funnel)",""))) -> 2.790 kg M1F- (funnel) | L7: =IF(OR(AK7="",AK7=0,U7=""),"",TEXT(AK7,"0.000")&" kg "&U7) | M7: =IF(OR(AL7="",AL7=0,V7=""),"",TEXT(AL7,"0.000")&" kg "&V7) -> 1.140 kg M1G- | N7: =IF(OR(I7="",U7=""),"",TEXT(MAX(0,(AH7-AK7-IF(Y7=U7,AA7,0)-IF(AC7=U7,AE7,0))),"0.000")&" kg "&U7) -> 0.000 kg M1E- | O7: =IF(OR(I7="",V7=""),"",TEXT(MAX(0,(AI7-AL7-IF(Y7=V7,AA7,0)-IF(AC7=V7,AE7,0))),"0.000")&" kg "&V7) -> 3.670 kg M1G- | Q7: =IF($A7="","",IF(D7="",Q6,D7)) -> M1 | R7: =IF($A7="","",IF(E7="",R6,E7)) -> E | S7: =IF($A7="","",IF(F7="",S6,F7)) -> M1 | T7: =IF($A7="","",IF(G7="",T6,G7)) -> G | U7: =IF(OR(Q7="",R7=""),"",Q7&R7&"-") -> M1E- | V7: =IF(OR(S7="",T7=""),"",S7&T7&"-") -> M1G- | W7: =IF(AND(U7<>"",U6<>"",U7<>U6),1,0) -> 0 | X7: =IF(AND(V7<>"",V6<>"",V7<>V6),1,0) -> 1 | Y7: =IF(W7=1,U6,IF(AB6>0,Y6,"")) | Z7: =IF(W7=1,MAX(0,MIN(Settings!$B$6,(IFERROR(VLOOKUP(U6,'Bucket Status'!$A$4:$B$75,2,FALSE()),0)-(SUMIF($U$5:$U6,U6,$AK$5:$AK6)+SUMIF($V$5:$V6,U6,$AL$5:$AL6)+SUMIF($Y$5:$Y6,U6,$AA$5:$AA6)+SUMIF($AC$5:$AC6,U6,$AE$5:$AE6))))),IF(AB6>0,AB6,0)) -> 0 | AA7: =IFERROR(IF(I7="",0,MAX(0,MIN(Z7,I7))),0) -> 0 | AB7: =IFERROR(Z7-AA7,0) -> 0 | AC7: =IF(X7=1,V6,IF(AF6>0,AC6,"")) -> M1F- | AD7: =IF(X7=1,MAX(0,MIN(Settings!$B$6-Z7,(IFERROR(VLOOKUP(V6,'Bucket Status'!$A$4:$B$75,2,FALSE()),0)-(SUMIF($U$5:$U6,V6,$AK$5:$AK6)+SUMIF($V$5:$V6,V6,$AL$5:$AL6)+SUMIF($Y$5:$Y6,V6,$AA$5:$AA6)+SUMIF($AC$5:$AC6,V6,$AE$5:$AE6))))),IF(AF6>0,AF6,0)) -> 2.79 | AE7: =IFERROR(IF(I7="",0,MAX(0,MIN(AD7,I7-AA7))),0) -> 2.79 | AF7: =IFERROR(AD7-AE7,0) -> 0 | AG7: =IFERROR(IF(C7="Y",Settings!$B$4+Settings!$B$5,0),0) -> 0 | AH7: =IFERROR(IF(U7="","",IFERROR(VLOOKUP(U7,'Bucket Status'!$A$4:$B$75,2,FALSE()),0)-(SUMIF($U$5:$U6,U7,$AK$5:$AK6)+SUMIF($V$5:$V6,U7,$AL$5:$AL6)+SUMIF($Y$5:$Y6,U7,$AA$5:$AA6)+SUMIF($AC$5:$AC6,U7,$AE$5:$AE6))),"") -> 0 | AI7: =IFERROR(IF(V7="","",IFERROR(VLOOKUP(V7,'Bucket Status'!$A$4:$B$75,2,FALSE()),0)-(SUMIF($U$5:$U6,V7,$AK$5:$AK6)+SUMIF($V$5:$V6,V7,$AL$5:$AL6)+SUMIF($Y$5:$Y6,V7,$AA$5:$AA6)+SUMIF($AC$5:$AC6,V7,$AE$5:$AE6))),"") -> 4.81 | AJ7: =IFERROR(IF(AH7="","",AH7+IF(AI7="",0,AI7)),"") -> 4.81 | AK7: =IFERROR(IF(I7="","",IF(U7="",0,IF(V7="",(I7-AA7-AE7),MIN(AH7,(I7-AA7-AE7))))),"") -> 0 | AL7: =IFERROR(IF(I7="","",IF(V7="",0,MAX(0,(I7-AA7-AE7)-AK7))),"") -> 1.14
A8: B-2760 | B8: 46281 | F8: M1 | G8: H | H8: 2.76 | I8: =IFERROR(IF(H8="","",H8+AG8),"") -> 2.76 | J8: =IFERROR(IF(OR(I8="",AJ8=""),"",AJ8-(AK8+AL8)),"") -> 4.6 | K8: =IF(AND(AA8>0,AE8>0),TEXT(AA8,"0.000")&" kg "&Y8&" (funnel)"&" + "&TEXT(AE8,"0.000")&" kg "&AC8&" (funnel)",IF(AA8>0,TEXT(AA8,"0.000")&" kg "&Y8&" (funnel)",IF(AE8>0,TEXT(AE8,"0.000")&" kg "&AC8&" (funnel)",""))) -> 2.760 kg M1G- (funnel) | L8: =IF(OR(AK8="",AK8=0,U8=""),"",TEXT(AK8,"0.000")&" kg "&U8) | M8: =IF(OR(AL8="",AL8=0,V8=""),"",TEXT(AL8,"0.000")&" kg "&V8) | N8: =IF(OR(I8="",U8=""),"",TEXT(MAX(0,(AH8-AK8-IF(Y8=U8,AA8,0)-IF(AC8=U8,AE8,0))),"0.000")&" kg "&U8) -> 0.000 kg M1E- | O8: =IF(OR(I8="",V8=""),"",TEXT(MAX(0,(AI8-AL8-IF(Y8=V8,AA8,0)-IF(AC8=V8,AE8,0))),"0.000")&" kg "&V8) -> 4.600 kg M1H- | Q8: =IF($A8="","",IF(D8="",Q7,D8)) -> M1 | R8: =IF($A8="","",IF(E8="",R7,E8)) -> E | S8: =IF($A8="","",IF(F8="",S7,F8)) -> M1 | T8: =IF($A8="","",IF(G8="",T7,G8)) -> H | U8: =IF(OR(Q8="",R8=""),"",Q8&R8&"-") -> M1E- | V8: =IF(OR(S8="",T8=""),"",S8&T8&"-") -> M1H- | W8: =IF(AND(U8<>"",U7<>"",U8<>U7),1,0) -> 0 | X8: =IF(AND(V8<>"",V7<>"",V8<>V7),1,0) -> 1 | Y8: =IF(W8=1,U7,IF(AB7>0,Y7,"")) | Z8: =IF(W8=1,MAX(0,MIN(Settings!$B$6,(IFERROR(VLOOKUP(U7,'Bucket Status'!$A$4:$B$75,2,FALSE()),0)-(SUMIF($U$5:$U7,U7,$AK$5:$AK7)+SUMIF($V$5:$V7,U7,$AL$5:$AL7)+SUMIF($Y$5:$Y7,U7,$AA$5:$AA7)+SUMIF($AC$5:$AC7,U7,$AE$5:$AE7))))),IF(AB7>0,AB7,0)) -> 0 | AA8: =IFERROR(IF(I8="",0,MAX(0,MIN(Z8,I8))),0) -> 0 | AB8: =IFERROR(Z8-AA8,0) -> 0 | AC8: =IF(X8=1,V7,IF(AF7>0,AC7,"")) -> M1G- | AD8: =IF(X8=1,MAX(0,MIN(Settings!$B$6-Z8,(IFERROR(VLOOKUP(V7,'Bucket Status'!$A$4:$B$75,2,FALSE()),0)-(SUMIF($U$5:$U7,V7,$AK$5:$AK7)+SUMIF($V$5:$V7,V7,$AL$5:$AL7)+SUMIF($Y$5:$Y7,V7,$AA$5:$AA7)+SUMIF($AC$5:$AC7,V7,$AE$5:$AE7))))),IF(AF7>0,AF7,0)) -> 3.67 | AE8: =IFERROR(IF(I8="",0,MAX(0,MIN(AD8,I8-AA8))),0) -> 2.76 | AF8: =IFERROR(AD8-AE8,0) -> 0.91 | AG8: =IFERROR(IF(C8="Y",Settings!$B$4+Settings!$B$5,0),0) -> 0 | AH8: =IFERROR(IF(U8="","",IFERROR(VLOOKUP(U8,'Bucket Status'!$A$4:$B$75,2,FALSE()),0)-(SUMIF($U$5:$U7,U8,$AK$5:$AK7)+SUMIF($V$5:$V7,U8,$AL$5:$AL7)+SUMIF($Y$5:$Y7,U8,$AA$5:$AA7)+SUMIF($AC$5:$AC7,U8,$AE$5:$AE7))),"") -> 0 | AI8: =IFERROR(IF(V8="","",IFERROR(VLOOKUP(V8,'Bucket Status'!$A$4:$B$75,2,FALSE()),0)-(SUMIF($U$5:$U7,V8,$AK$5:$AK7)+SUMIF($V$5:$V7,V8,$AL$5:$AL7)+SUMIF($Y$5:$Y7,V8,$AA$5:$AA7)+SUMIF($AC$5:$AC7,V8,$AE$5:$AE7))),"") -> 4.6 | AJ8: =IFERROR(IF(AH8="","",AH8+IF(AI8="",0,AI8)),"") -> 4.6 | AK8: =IFERROR(IF(I8="","",IF(U8="",0,IF(V8="",(I8-AA8-AE8),MIN(AH8,(I8-AA8-AE8))))),"") -> 0 | AL8: =IFERROR(IF(I8="","",IF(V8="",0,MAX(0,(I8-AA8-AE8)-AK8))),"") -> 0
A9: B-2764 | B9: 46287 | H9: 2.79 | I9: =IFERROR(IF(H9="","",H9+AG9),"") -> 2.79 | J9: =IFERROR(IF(OR(I9="",AJ9=""),"",AJ9-(AK9+AL9)),"") -> 2.72 | K9: =IF(AND(AA9>0,AE9>0),TEXT(AA9,"0.000")&" kg "&Y9&" (funnel)"&" + "&TEXT(AE9,"0.000")&" kg "&AC9&" (funnel)",IF(AA9>0,TEXT(AA9,"0.000")&" kg "&Y9&" (funnel)",IF(AE9>0,TEXT(AE9,"0.000")&" kg "&AC9&" (funnel)",""))) -> 0.910 kg M1G- (funnel) | L9: =IF(OR(AK9="",AK9=0,U9=""),"",TEXT(AK9,"0.000")&" kg "&U9) | M9: =IF(OR(AL9="",AL9=0,V9=""),"",TEXT(AL9,"0.000")&" kg "&V9) -> 1.880 kg M1H- | N9: =IF(OR(I9="",U9=""),"",TEXT(MAX(0,(AH9-AK9-IF(Y9=U9,AA9,0)-IF(AC9=U9,AE9,0))),"0.000")&" kg "&U9) -> 0.000 kg M1E- | O9: =IF(OR(I9="",V9=""),"",TEXT(MAX(0,(AI9-AL9-IF(Y9=V9,AA9,0)-IF(AC9=V9,AE9,0))),"0.000")&" kg "&V9) -> 2.720 kg M1H- | Q9: =IF($A9="","",IF(D9="",Q8,D9)) -> M1 | R9: =IF($A9="","",IF(E9="",R8,E9)) -> E | S9: =IF($A9="","",IF(F9="",S8,F9)) -> M1 | T9: =IF($A9="","",IF(G9="",T8,G9)) -> H | U9: =IF(OR(Q9="",R9=""),"",Q9&R9&"-") -> M1E- | V9: =IF(OR(S9="",T9=""),"",S9&T9&"-") -> M1H- | W9: =IF(AND(U9<>"",U8<>"",U9<>U8),1,0) -> 0 | X9: =IF(AND(V9<>"",V8<>"",V9<>V8),1,0) -> 0 | Y9: =IF(W9=1,U8,IF(AB8>0,Y8,"")) | Z9: =IF(W9=1,MAX(0,MIN(Settings!$B$6,(IFERROR(VLOOKUP(U8,'Bucket Status'!$A$4:$B$75,2,FALSE()),0)-(SUMIF($U$5:$U8,U8,$AK$5:$AK8)+SUMIF($V$5:$V8,U8,$AL$5:$AL8)+SUMIF($Y$5:$Y8,U8,$AA$5:$AA8)+SUMIF($AC$5:$AC8,U8,$AE$5:$AE8))))),IF(AB8>0,AB8,0)) -> 0 | AA9: =IFERROR(IF(I9="",0,MAX(0,MIN(Z9,I9))),0) -> 0 | AB9: =IFERROR(Z9-AA9,0) -> 0 | AC9: =IF(X9=1,V8,IF(AF8>0,AC8,"")) -> M1G- | AD9: =IF(X9=1,MAX(0,MIN(Settings!$B$6-Z9,(IFERROR(VLOOKUP(V8,'Bucket Status'!$A$4:$B$75,2,FALSE()),0)-(SUMIF($U$5:$U8,V8,$AK$5:$AK8)+SUMIF($V$5:$V8,V8,$AL$5:$AL8)+SUMIF($Y$5:$Y8,V8,$AA$5:$AA8)+SUMIF($AC$5:$AC8,V8,$AE$5:$AE8))))),IF(AF8>0,AF8,0)) -> 0.91 | AE9: =IFERROR(IF(I9="",0,MAX(0,MIN(AD9,I9-AA9))),0) -> 0.91 | AF9: =IFERROR(AD9-AE9,0) -> 0 | AG9: =IFERROR(IF(C9="Y",Settings!$B$4+Settings!$B$5,0),0) -> 0 | AH9: =IFERROR(IF(U9="","",IFERROR(VLOOKUP(U9,'Bucket Status'!$A$4:$B$75,2,FALSE()),0)-(SUMIF($U$5:$U8,U9,$AK$5:$AK8)+SUMIF($V$5:$V8,U9,$AL$5:$AL8)+SUMIF($Y$5:$Y8,U9,$AA$5:$AA8)+SUMIF($AC$5:$AC8,U9,$AE$5:$AE8))),"") -> 0 | AI9: =IFERROR(IF(V9="","",IFERROR(VLOOKUP(V9,'Bucket Status'!$A$4:$B$75,2,FALSE()),0)-(SUMIF($U$5:$U8,V9,$AK$5:$AK8)+SUMIF($V$5:$V8,V9,$AL$5:$AL8)+SUMIF($Y$5:$Y8,V9,$AA$5:$AA8)+SUMIF($AC$5:$AC8,V9,$AE$5:$AE8))),"") -> 4.6 | AJ9: =IFERROR(IF(AH9="","",AH9+IF(AI9="",0,AI9)),"") -> 4.6 | AK9: =IFERROR(IF(I9="","",IF(U9="",0,IF(V9="",(I9-AA9-AE9),MIN(AH9,(I9-AA9-AE9))))),"") -> 0 | AL9: =IFERROR(IF(I9="","",IF(V9="",0,MAX(0,(I9-AA9-AE9)-AK9))),"") -> 1.88
A10: B-2765 | B10: 46289 | D10: M2 | E10: E | F10: M2 | G10: F | H10: 3.36 | I10: =IFERROR(IF(H10="","",H10+AG10),"") -> 3.36 | J10: =IFERROR(IF(OR(I10="",AJ10=""),"",AJ10-(AK10+AL10)),"") -> 9.41 | K10: =IF(AND(AA10>0,AE10>0),TEXT(AA10,"0.000")&" kg "&Y10&" (funnel)"&" + "&TEXT(AE10,"0.000")&" kg "&AC10&" (funnel)",IF(AA10>0,TEXT(AA10,"0.000")&" kg "&Y10&" (funnel)",IF(AE10>0,TEXT(AE10,"0.000")&" kg "&AC10&" (funnel)",""))) -> 2.720 kg M1H- (funnel) | L10: =IF(OR(AK10="",AK10=0,U10=""),"",TEXT(AK10,"0.000")&" kg "&U10) -> 0.640 kg M2E- | M10: =IF(OR(AL10="",AL10=0,V10=""),"",TEXT(AL10,"0.000")&" kg "&V10) | N10: =IF(OR(I10="",U10=""),"",TEXT(MAX(0,(AH10-AK10-IF(Y10=U10,AA10,0)-IF(AC10=U10,AE10,0))),"0.000")&" kg "&U10) -> 4.290 kg M2E- | O10: =IF(OR(I10="",V10=""),"",TEXT(MAX(0,(AI10-AL10-IF(Y10=V10,AA10,0)-IF(AC10=V10,AE10,0))),"0.000")&" kg "&V10) -> 5.120 kg M2F- | Q10: =IF($A10="","",IF(D10="",Q9,D10)) -> M2 | R10: =IF($A10="","",IF(E10="",R9,E10)) -> E | S10: =IF($A10="","",IF(F10="",S9,F10)) -> M2 | T10: =IF($A10="","",IF(G10="",T9,G10)) -> F | U10: =IF(OR(Q10="",R10=""),"",Q10&R10&"-") -> M2E- | V10: =IF(OR(S10="",T10=""),"",S10&T10&"-") -> M2F- | W10: =IF(AND(U10<>"",U9<>"",U10<>U9),1,0) -> 1 | X10: =IF(AND(V10<>"",V9<>"",V10<>V9),1,0) -> 1 | Y10: =IF(W10=1,U9,IF(AB9>0,Y9,"")) -> M1E- | Z10: =IF(W10=1,MAX(0,MIN(Settings!$B$6,(IFERROR(VLOOKUP(U9,'Bucket Status'!$A$4:$B$75,2,FALSE()),0)-(SUMIF($U$5:$U9,U9,$AK$5:$AK9)+SUMIF($V$5:$V9,U9,$AL$5:$AL9)+SUMIF($Y$5:$Y9,U9,$AA$5:$AA9)+SUMIF($AC$5:$AC9,U9,$AE$5:$AE9))))),IF(AB9>0,AB9,0)) -> 0 | AA10: =IFERROR(IF(I10="",0,MAX(0,MIN(Z10,I10))),0) -> 0 | AB10: =IFERROR(Z10-AA10,0) -> 0 | AC10: =IF(X10=1,V9,IF(AF9>0,AC9,"")) -> M1H- | AD10: =IF(X10=1,MAX(0,MIN(Settings!$B$6-Z10,(IFERROR(VLOOKUP(V9,'Bucket Status'!$A$4:$B$75,2,FALSE()),0)-(SUMIF($U$5:$U9,V9,$AK$5:$AK9)+SUMIF($V$5:$V9,V9,$AL$5:$AL9)+SUMIF($Y$5:$Y9,V9,$AA$5:$AA9)+SUMIF($AC$5:$AC9,V9,$AE$5:$AE9))))),IF(AF9>0,AF9,0)) -> 2.72 | AE10: =IFERROR(IF(I10="",0,MAX(0,MIN(AD10,I10-AA10))),0) -> 2.72 | AF10: =IFERROR(AD10-AE10,0) -> 0 | AG10: =IFERROR(IF(C10="Y",Settings!$B$4+Settings!$B$5,0),0) -> 0 | AH10: =IFERROR(IF(U10="","",IFERROR(VLOOKUP(U10,'Bucket Status'!$A$4:$B$75,2,FALSE()),0)-(SUMIF($U$5:$U9,U10,$AK$5:$AK9)+SUMIF($V$5:$V9,U10,$AL$5:$AL9)+SUMIF($Y$5:$Y9,U10,$AA$5:$AA9)+SUMIF($AC$5:$AC9,U10,$AE$5:$AE9))),"") -> 4.93 | AI10: =IFERROR(IF(V10="","",IFERROR(VLOOKUP(V10,'Bucket Status'!$A$4:$B$75,2,FALSE()),0)-(SUMIF($U$5:$U9,V10,$AK$5:$AK9)+SUMIF($V$5:$V9,V10,$AL$5:$AL9)+SUMIF($Y$5:$Y9,V10,$AA$5:$AA9)+SUMIF($AC$5:$AC9,V10,$AE$5:$AE9))),"") -> 5.12 | AJ10: =IFERROR(IF(AH10="","",AH10+IF(AI10="",0,AI10)),"") -> 10.05 | AK10: =IFERROR(IF(I10="","",IF(U10="",0,IF(V10="",(I10-AA10-AE10),MIN(AH10,(I10-AA10-AE10))))),"") -> 0.64 | AL10: =IFERROR(IF(I10="","",IF(V10="",0,MAX(0,(I10-AA10-AE10)-AK10))),"") -> 0
A11: B-2767 | B11: 46290 | H11: 1.48 | I11: =IFERROR(IF(H11="","",H11+AG11),"") -> 1.48 | J11: =IFERROR(IF(OR(I11="",AJ11=""),"",AJ11-(AK11+AL11)),"") -> 7.93 | K11: =IF(AND(AA11>0,AE11>0),TEXT(AA11,"0.000")&" kg "&Y11&" (funnel)"&" + "&TEXT(AE11,"0.000")&" kg "&AC11&" (funnel)",IF(AA11>0,TEXT(AA11,"0.000")&" kg "&Y11&" (funnel)",IF(AE11>0,TEXT(AE11,"0.000")&" kg "&AC11&" (funnel)",""))) | L11: =IF(OR(AK11="",AK11=0,U11=""),"",TEXT(AK11,"0.000")&" kg "&U11) -> 1.480 kg M2E- | M11: =IF(OR(AL11="",AL11=0,V11=""),"",TEXT(AL11,"0.000")&" kg "&V11) | N11: =IF(OR(I11="",U11=""),"",TEXT(MAX(0,(AH11-AK11-IF(Y11=U11,AA11,0)-IF(AC11=U11,AE11,0))),"0.000")&" kg "&U11) -> 2.810 kg M2E- | O11: =IF(OR(I11="",V11=""),"",TEXT(MAX(0,(AI11-AL11-IF(Y11=V11,AA11,0)-IF(AC11=V11,AE11,0))),"0.000")&" kg "&V11) -> 5.120 kg M2F- | Q11: =IF($A11="","",IF(D11="",Q10,D11)) -> M2 | R11: =IF($A11="","",IF(E11="",R10,E11)) -> E | S11: =IF($A11="","",IF(F11="",S10,F11)) -> M2 | T11: =IF($A11="","",IF(G11="",T10,G11)) -> F | U11: =IF(OR(Q11="",R11=""),"",Q11&R11&"-") -> M2E- | V11: =IF(OR(S11="",T11=""),"",S11&T11&"-") -> M2F- | W11: =IF(AND(U11<>"",U10<>"",U11<>U10),1,0) -> 0 | X11: =IF(AND(V11<>"",V10<>"",V11<>V10),1,0) -> 0 | Y11: =IF(W11=1,U10,IF(AB10>0,Y10,"")) | Z11: =IF(W11=1,MAX(0,MIN(Settings!$B$6,(IFERROR(VLOOKUP(U10,'Bucket Status'!$A$4:$B$75,2,FALSE()),0)-(SUMIF($U$5:$U10,U10,$AK$5:$AK10)+SUMIF($V$5:$V10,U10,$AL$5:$AL10)+SUMIF($Y$5:$Y10,U10,$AA$5:$AA10)+SUMIF($AC$5:$AC10,U10,$AE$5:$AE10))))),IF(AB10>0,AB10,0)) -> 0 | AA11: =IFERROR(IF(I11="",0,MAX(0,MIN(Z11,I11))),0) -> 0 | AB11: =IFERROR(Z11-AA11,0) -> 0 | AC11: =IF(X11=1,V10,IF(AF10>0,AC10,"")) | AD11: =IF(X11=1,MAX(0,MIN(Settings!$B$6-Z11,(IFERROR(VLOOKUP(V10,'Bucket Status'!$A$4:$B$75,2,FALSE()),0)-(SUMIF($U$5:$U10,V10,$AK$5:$AK10)+SUMIF($V$5:$V10,V10,$AL$5:$AL10)+SUMIF($Y$5:$Y10,V10,$AA$5:$AA10)+SUMIF($AC$5:$AC10,V10,$AE$5:$AE10))))),IF(AF10>0,AF10,0)) -> 0 | AE11: =IFERROR(IF(I11="",0,MAX(0,MIN(AD11,I11-AA11))),0) -> 0 | AF11: =IFERROR(AD11-AE11,0) -> 0 | AG11: =IFERROR(IF(C11="Y",Settings!$B$4+Settings!$B$5,0),0) -> 0 | AH11: =IFERROR(IF(U11="","",IFERROR(VLOOKUP(U11,'Bucket Status'!$A$4:$B$75,2,FALSE()),0)-(SUMIF($U$5:$U10,U11,$AK$5:$AK10)+SUMIF($V$5:$V10,U11,$AL$5:$AL10)+SUMIF($Y$5:$Y10,U11,$AA$5:$AA10)+SUMIF($AC$5:$AC10,U11,$AE$5:$AE10))),"") -> 4.29 | AI11: =IFERROR(IF(V11="","",IFERROR(VLOOKUP(V11,'Bucket Status'!$A$4:$B$75,2,FALSE()),0)-(SUMIF($U$5:$U10,V11,$AK$5:$AK10)+SUMIF($V$5:$V10,V11,$AL$5:$AL10)+SUMIF($Y$5:$Y10,V11,$AA$5:$AA10)+SUMIF($AC$5:$AC10,V11,$AE$5:$AE10))),"") -> 5.12 | AJ11: =IFERROR(IF(AH11="","",AH11+IF(AI11="",0,AI11)),"") -> 9.41 | AK11: =IFERROR(IF(I11="","",IF(U11="",0,IF(V11="",(I11-AA11-AE11),MIN(AH11,(I11-AA11-AE11))))),"") -> 1.48 | AL11: =IFERROR(IF(I11="","",IF(V11="",0,MAX(0,(I11-AA11-AE11)-AK11))),"") -> 0
A12: B-2768 | B12: 46290 | H12: 3.55 | I12: =IFERROR(IF(H12="","",H12+AG12),"") -> 3.55 | J12: =IFERROR(IF(OR(I12="",AJ12=""),"",AJ12-(AK12+AL12)),"") -> 4.38 | K12: =IF(AND(AA12>0,AE12>0),TEXT(AA12,"0.000")&" kg "&Y12&" (funnel)"&" + "&TEXT(AE12,"0.000")&" kg "&AC12&" (funnel)",IF(AA12>0,TEXT(AA12,"0.000")&" kg "&Y12&" (funnel)",IF(AE12>0,TEXT(AE12,"0.000")&" kg "&AC12&" (funnel)",""))) | L12: =IF(OR(AK12="",AK12=0,U12=""),"",TEXT(AK12,"0.000")&" kg "&U12) -> 2.810 kg M2E- | M12: =IF(OR(AL12="",AL12=0,V12=""),"",TEXT(AL12,"0.000")&" kg "&V12) -> 0.740 kg M2F- | N12: =IF(OR(I12="",U12=""),"",TEXT(MAX(0,(AH12-AK12-IF(Y12=U12,AA12,0)-IF(AC12=U12,AE12,0))),"0.000")&" kg "&U12) -> 0.000 kg M2E- | O12: =IF(OR(I12="",V12=""),"",TEXT(MAX(0,(AI12-AL12-IF(Y12=V12,AA12,0)-IF(AC12=V12,AE12,0))),"0.000")&" kg "&V12) -> 4.380 kg M2F- | Q12: =IF($A12="","",IF(D12="",Q11,D12)) -> M2 | R12: =IF($A12="","",IF(E12="",R11,E12)) -> E | S12: =IF($A12="","",IF(F12="",S11,F12)) -> M2 | T12: =IF($A12="","",IF(G12="",T11,G12)) -> F | U12: =IF(OR(Q12="",R12=""),"",Q12&R12&"-") -> M2E- | V12: =IF(OR(S12="",T12=""),"",S12&T12&"-") -> M2F- | W12: =IF(AND(U12<>"",U11<>"",U12<>U11),1,0) -> 0 | X12: =IF(AND(V12<>"",V11<>"",V12<>V11),1,0) -> 0 | Y12: =IF(W12=1,U11,IF(AB11>0,Y11,"")) | Z12: =IF(W12=1,MAX(0,MIN(Settings!$B$6,(IFERROR(VLOOKUP(U11,'Bucket Status'!$A$4:$B$75,2,FALSE()),0)-(SUMIF($U$5:$U11,U11,$AK$5:$AK11)+SUMIF($V$5:$V11,U11,$AL$5:$AL11)+SUMIF($Y$5:$Y11,U11,$AA$5:$AA11)+SUMIF($AC$5:$AC11,U11,$AE$5:$AE11))))),IF(AB11>0,AB11,0)) -> 0 | AA12: =IFERROR(IF(I12="",0,MAX(0,MIN(Z12,I12))),0) -> 0 | AB12: =IFERROR(Z12-AA12,0) -> 0 | AC12: =IF(X12=1,V11,IF(AF11>0,AC11,"")) | AD12: =IF(X12=1,MAX(0,MIN(Settings!$B$6-Z12,(IFERROR(VLOOKUP(V11,'Bucket Status'!$A$4:$B$75,2,FALSE()),0)-(SUMIF($U$5:$U11,V11,$AK$5:$AK11)+SUMIF($V$5:$V11,V11,$AL$5:$AL11)+SUMIF($Y$5:$Y11,V11,$AA$5:$AA11)+SUMIF($AC$5:$AC11,V11,$AE$5:$AE11))))),IF(AF11>0,AF11,0)) -> 0 | AE12: =IFERROR(IF(I12="",0,MAX(0,MIN(AD12,I12-AA12))),0) -> 0 | AF12: =IFERROR(AD12-AE12,0) -> 0 | AG12: =IFERROR(IF(C12="Y",Settings!$B$4+Settings!$B$5,0),0) -> 0 | AH12: =IFERROR(IF(U12="","",IFERROR(VLOOKUP(U12,'Bucket Status'!$A$4:$B$75,2,FALSE()),0)-(SUMIF($U$5:$U11,U12,$AK$5:$AK11)+SUMIF($V$5:$V11,U12,$AL$5:$AL11)+SUMIF($Y$5:$Y11,U12,$AA$5:$AA11)+SUMIF($AC$5:$AC11,U12,$AE$5:$AE11))),"") -> 2.81 | AI12: =IFERROR(IF(V12="","",IFERROR(VLOOKUP(V12,'Bucket Status'!$A$4:$B$75,2,FALSE()),0)-(SUMIF($U$5:$U11,V12,$AK$5:$AK11)+SUMIF($V$5:$V11,V12,$AL$5:$AL11)+SUMIF($Y$5:$Y11,V12,$AA$5:$AA11)+SUMIF($AC$5:$AC11,V12,$AE$5:$AE11))),"") -> 5.12 | AJ12: =IFERROR(IF(AH12="","",AH12+IF(AI12="",0,AI12)),"") -> 7.93 | AK12: =IFERROR(IF(I12="","",IF(U12="",0,IF(V12="",(I12-AA12-AE12),MIN(AH12,(I12-AA12-AE12))))),"") -> 2.81 | AL12: =IFERROR(IF(I12="","",IF(V12="",0,MAX(0,(I12-AA12-AE12)-AK12))),"") -> 0.74
A13: B-2770 | B13: 46294 | D13: M2 | E13: G | H13: 3.68 | I13: =IFERROR(IF(H13="","",H13+AG13),"") -> 3.68 | J13: =IFERROR(IF(OR(I13="",AJ13=""),"",AJ13-(AK13+AL13)),"") -> 5.6 | K13: =IF(AND(AA13>0,AE13>0),TEXT(AA13,"0.000")&" kg "&Y13&" (funnel)"&" + "&TEXT(AE13,"0.000")&" kg "&AC13&" (funnel)",IF(AA13>0,TEXT(AA13,"0.000")&" kg "&Y13&" (funnel)",IF(AE13>0,TEXT(AE13,"0.000")&" kg "&AC13&" (funnel)",""))) | L13: =IF(OR(AK13="",AK13=0,U13=""),"",TEXT(AK13,"0.000")&" kg "&U13) -> 3.680 kg M2G- | M13: =IF(OR(AL13="",AL13=0,V13=""),"",TEXT(AL13,"0.000")&" kg "&V13) | N13: =IF(OR(I13="",U13=""),"",TEXT(MAX(0,(AH13-AK13-IF(Y13=U13,AA13,0)-IF(AC13=U13,AE13,0))),"0.000")&" kg "&U13) -> 1.220 kg M2G- | O13: =IF(OR(I13="",V13=""),"",TEXT(MAX(0,(AI13-AL13-IF(Y13=V13,AA13,0)-IF(AC13=V13,AE13,0))),"0.000")&" kg "&V13) -> 4.380 kg M2F- | Q13: =IF($A13="","",IF(D13="",Q12,D13)) -> M2 | R13: =IF($A13="","",IF(E13="",R12,E13)) -> G | S13: =IF($A13="","",IF(F13="",S12,F13)) -> M2 | T13: =IF($A13="","",IF(G13="",T12,G13)) -> F | U13: =IF(OR(Q13="",R13=""),"",Q13&R13&"-") -> M2G- | V13: =IF(OR(S13="",T13=""),"",S13&T13&"-") -> M2F- | W13: =IF(AND(U13<>"",U12<>"",U13<>U12),1,0) -> 1 | X13: =IF(AND(V13<>"",V12<>"",V13<>V12),1,0) -> 0 | Y13: =IF(W13=1,U12,IF(AB12>0,Y12,"")) -> M2E- | Z13: =IF(W13=1,MAX(0,MIN(Settings!$B$6,(IFERROR(VLOOKUP(U12,'Bucket Status'!$A$4:$B$75,2,FALSE()),0)-(SUMIF($U$5:$U12,U12,$AK$5:$AK12)+SUMIF($V$5:$V12,U12,$AL$5:$AL12)+SUMIF($Y$5:$Y12,U12,$AA$5:$AA12)+SUMIF($AC$5:$AC12,U12,$AE$5:$AE12))))),IF(AB12>0,AB12,0)) -> 0 | AA13: =IFERROR(IF(I13="",0,MAX(0,MIN(Z13,I13))),0) -> 0 | AB13: =IFERROR(Z13-AA13,0) -> 0 | AC13: =IF(X13=1,V12,IF(AF12>0,AC12,"")) | AD13: =IF(X13=1,MAX(0,MIN(Settings!$B$6-Z13,(IFERROR(VLOOKUP(V12,'Bucket Status'!$A$4:$B$75,2,FALSE()),0)-(SUMIF($U$5:$U12,V12,$AK$5:$AK12)+SUMIF($V$5:$V12,V12,$AL$5:$AL12)+SUMIF($Y$5:$Y12,V12,$AA$5:$AA12)+SUMIF($AC$5:$AC12,V12,$AE$5:$AE12))))),IF(AF12>0,AF12,0)) -> 0 | AE13: =IFERROR(IF(I13="",0,MAX(0,MIN(AD13,I13-AA13))),0) -> 0 | AF13: =IFERROR(AD13-AE13,0) -> 0 | AG13: =IFERROR(IF(C13="Y",Settings!$B$4+Settings!$B$5,0),0) -> 0 | AH13: =IFERROR(IF(U13="","",IFERROR(VLOOKUP(U13,'Bucket Status'!$A$4:$B$75,2,FALSE()),0)-(SUMIF($U$5:$U12,U13,$AK$5:$AK12)+SUMIF($V$5:$V12,U13,$AL$5:$AL12)+SUMIF($Y$5:$Y12,U13,$AA$5:$AA12)+SUMIF($AC$5:$AC12,U13,$AE$5:$AE12))),"") -> 4.9 | AI13: =IFERROR(IF(V13="","",IFERROR(VLOOKUP(V13,'Bucket Status'!$A$4:$B$75,2,FALSE()),0)-(SUMIF($U$5:$U12,V13,$AK$5:$AK12)+SUMIF($V$5:$V12,V13,$AL$5:$AL12)+SUMIF($Y$5:$Y12,V13,$AA$5:$AA12)+SUMIF($AC$5:$AC12,V13,$AE$5:$AE12))),"") -> 4.38 | AJ13: =IFERROR(IF(AH13="","",AH13+IF(AI13="",0,AI13)),"") -> 9.28 | AK13: =IFERROR(IF(I13="","",IF(U13="",0,IF(V13="",(I13-AA13-AE13),MIN(AH13,(I13-AA13-AE13))))),"") -> 3.68 | AL13: =IFERROR(IF(I13="","",IF(V13="",0,MAX(0,(I13-AA13-AE13)-AK13))),"") -> 0
A14: B-2771 | B14: 46295 | H14: 2.16 | I14: =IFERROR(IF(H14="","",H14+AG14),"") -> 2.16 | J14: =IFERROR(IF(OR(I14="",AJ14=""),"",AJ14-(AK14+AL14)),"") -> 3.44 | K14: =IF(AND(AA14>0,AE14>0),TEXT(AA14,"0.000")&" kg "&Y14&" (funnel)"&" + "&TEXT(AE14,"0.000")&" kg "&AC14&" (funnel)",IF(AA14>0,TEXT(AA14,"0.000")&" kg "&Y14&" (funnel)",IF(AE14>0,TEXT(AE14,"0.000")&" kg "&AC14&" (funnel)",""))) | L14: =IF(OR(AK14="",AK14=0,U14=""),"",TEXT(AK14,"0.000")&" kg "&U14) -> 1.220 kg M2G- | M14: =IF(OR(AL14="",AL14=0,V14=""),"",TEXT(AL14,"0.000")&" kg "&V14) -> 0.940 kg M2F- | N14: =IF(OR(I14="",U14=""),"",TEXT(MAX(0,(AH14-AK14-IF(Y14=U14,AA14,0)-IF(AC14=U14,AE14,0))),"0.000")&" kg "&U14) -> 0.000 kg M2G- | O14: =IF(OR(I14="",V14=""),"",TEXT(MAX(0,(AI14-AL14-IF(Y14=V14,AA14,0)-IF(AC14=V14,AE14,0))),"0.000")&" kg "&V14) -> 3.440 kg M2F- | Q14: =IF($A14="","",IF(D14="",Q13,D14)) -> M2 | R14: =IF($A14="","",IF(E14="",R13,E14)) -> G | S14: =IF($A14="","",IF(F14="",S13,F14)) -> M2 | T14: =IF($A14="","",IF(G14="",T13,G14)) -> F | U14: =IF(OR(Q14="",R14=""),"",Q14&R14&"-") -> M2G- | V14: =IF(OR(S14="",T14=""),"",S14&T14&"-") -> M2F- | W14: =IF(AND(U14<>"",U13<>"",U14<>U13),1,0) -> 0 | X14: =IF(AND(V14<>"",V13<>"",V14<>V13),1,0) -> 0 | Y14: =IF(W14=1,U13,IF(AB13>0,Y13,"")) | Z14: =IF(W14=1,MAX(0,MIN(Settings!$B$6,(IFERROR(VLOOKUP(U13,'Bucket Status'!$A$4:$B$75,2,FALSE()),0)-(SUMIF($U$5:$U13,U13,$AK$5:$AK13)+SUMIF($V$5:$V13,U13,$AL$5:$AL13)+SUMIF($Y$5:$Y13,U13,$AA$5:$AA13)+SUMIF($AC$5:$AC13,U13,$AE$5:$AE13))))),IF(AB13>0,AB13,0)) -> 0 | AA14: =IFERROR(IF(I14="",0,MAX(0,MIN(Z14,I14))),0) -> 0 | AB14: =IFERROR(Z14-AA14,0) -> 0 | AC14: =IF(X14=1,V13,IF(AF13>0,AC13,"")) | AD14: =IF(X14=1,MAX(0,MIN(Settings!$B$6-Z14,(IFERROR(VLOOKUP(V13,'Bucket Status'!$A$4:$B$75,2,FALSE()),0)-(SUMIF($U$5:$U13,V13,$AK$5:$AK13)+SUMIF($V$5:$V13,V13,$AL$5:$AL13)+SUMIF($Y$5:$Y13,V13,$AA$5:$AA13)+SUMIF($AC$5:$AC13,V13,$AE$5:$AE13))))),IF(AF13>0,AF13,0)) -> 0 | AE14: =IFERROR(IF(I14="",0,MAX(0,MIN(AD14,I14-AA14))),0) -> 0 | AF14: =IFERROR(AD14-AE14,0) -> 0 | AG14: =IFERROR(IF(C14="Y",Settings!$B$4+Settings!$B$5,0),0) -> 0 | AH14: =IFERROR(IF(U14="","",IFERROR(VLOOKUP(U14,'Bucket Status'!$A$4:$B$75,2,FALSE()),0)-(SUMIF($U$5:$U13,U14,$AK$5:$AK13)+SUMIF($V$5:$V13,U14,$AL$5:$AL13)+SUMIF($Y$5:$Y13,U14,$AA$5:$AA13)+SUMIF($AC$5:$AC13,U14,$AE$5:$AE13))),"") -> 1.22 | AI14: =IFERROR(IF(V14="","",IFERROR(VLOOKUP(V14,'Bucket Status'!$A$4:$B$75,2,FALSE()),0)-(SUMIF($U$5:$U13,V14,$AK$5:$AK13)+SUMIF($V$5:$V13,V14,$AL$5:$AL13)+SUMIF($Y$5:$Y13,V14,$AA$5:$AA13)+SUMIF($AC$5:$AC13,V14,$AE$5:$AE13))),"") -> 4.38 | AJ14: =IFERROR(IF(AH14="","",AH14+IF(AI14="",0,AI14)),"") -> 5.6 | AK14: =IFERROR(IF(I14="","",IF(U14="",0,IF(V14="",(I14-AA14-AE14),MIN(AH14,(I14-AA14-AE14))))),"") -> 1.22 | AL14: =IFERROR(IF(I14="","",IF(V14="",0,MAX(0,(I14-AA14-AE14)-AK14))),"") -> 0.94
A15: B-2773 | B15: 46296 | H15: 1.29 | I15: =IFERROR(IF(H15="","",H15+AG15),"") -> 1.29 | J15: =IFERROR(IF(OR(I15="",AJ15=""),"",AJ15-(AK15+AL15)),"") -> 2.15 | K15: =IF(AND(AA15>0,AE15>0),TEXT(AA15,"0.000")&" kg "&Y15&" (funnel)"&" + "&TEXT(AE15,"0.000")&" kg "&AC15&" (funnel)",IF(AA15>0,TEXT(AA15,"0.000")&" kg "&Y15&" (funnel)",IF(AE15>0,TEXT(AE15,"0.000")&" kg "&AC15&" (funnel)",""))) | L15: =IF(OR(AK15="",AK15=0,U15=""),"",TEXT(AK15,"0.000")&" kg "&U15) | M15: =IF(OR(AL15="",AL15=0,V15=""),"",TEXT(AL15,"0.000")&" kg "&V15) -> 1.290 kg M2F- | N15: =IF(OR(I15="",U15=""),"",TEXT(MAX(0,(AH15-AK15-IF(Y15=U15,AA15,0)-IF(AC15=U15,AE15,0))),"0.000")&" kg "&U15) -> 0.000 kg M2G- | O15: =IF(OR(I15="",V15=""),"",TEXT(MAX(0,(AI15-AL15-IF(Y15=V15,AA15,0)-IF(AC15=V15,AE15,0))),"0.000")&" kg "&V15) -> 2.150 kg M2F- | Q15: =IF($A15="","",IF(D15="",Q14,D15)) -> M2 | R15: =IF($A15="","",IF(E15="",R14,E15)) -> G | S15: =IF($A15="","",IF(F15="",S14,F15)) -> M2 | T15: =IF($A15="","",IF(G15="",T14,G15)) -> F | U15: =IF(OR(Q15="",R15=""),"",Q15&R15&"-") -> M2G- | V15: =IF(OR(S15="",T15=""),"",S15&T15&"-") -> M2F- | W15: =IF(AND(U15<>"",U14<>"",U15<>U14),1,0) -> 0 | X15: =IF(AND(V15<>"",V14<>"",V15<>V14),1,0) -> 0 | Y15: =IF(W15=1,U14,IF(AB14>0,Y14,"")) | Z15: =IF(W15=1,MAX(0,MIN(Settings!$B$6,(IFERROR(VLOOKUP(U14,'Bucket Status'!$A$4:$B$75,2,FALSE()),0)-(SUMIF($U$5:$U14,U14,$AK$5:$AK14)+SUMIF($V$5:$V14,U14,$AL$5:$AL14)+SUMIF($Y$5:$Y14,U14,$AA$5:$AA14)+SUMIF($AC$5:$AC14,U14,$AE$5:$AE14))))),IF(AB14>0,AB14,0)) -> 0 | AA15: =IFERROR(IF(I15="",0,MAX(0,MIN(Z15,I15))),0) -> 0 | AB15: =IFERROR(Z15-AA15,0) -> 0 | AC15: =IF(X15=1,V14,IF(AF14>0,AC14,"")) | AD15: =IF(X15=1,MAX(0,MIN(Settings!$B$6-Z15,(IFERROR(VLOOKUP(V14,'Bucket Status'!$A$4:$B$75,2,FALSE()),0)-(SUMIF($U$5:$U14,V14,$AK$5:$AK14)+SUMIF($V$5:$V14,V14,$AL$5:$AL14)+SUMIF($Y$5:$Y14,V14,$AA$5:$AA14)+SUMIF($AC$5:$AC14,V14,$AE$5:$AE14))))),IF(AF14>0,AF14,0)) -> 0 | AE15: =IFERROR(IF(I15="",0,MAX(0,MIN(AD15,I15-AA15))),0) -> 0 | AF15: =IFERROR(AD15-AE15,0) -> 0 | AG15: =IFERROR(IF(C15="Y",Settings!$B$4+Settings!$B$5,0),0) -> 0 | AH15: =IFERROR(IF(U15="","",IFERROR(VLOOKUP(U15,'Bucket Status'!$A$4:$B$75,2,FALSE()),0)-(SUMIF($U$5:$U14,U15,$AK$5:$AK14)+SUMIF($V$5:$V14,U15,$AL$5:$AL14)+SUMIF($Y$5:$Y14,U15,$AA$5:$AA14)+SUMIF($AC$5:$AC14,U15,$AE$5:$AE14))),"") -> 0 | AI15: =IFERROR(IF(V15="","",IFERROR(VLOOKUP(V15,'Bucket Status'!$A$4:$B$75,2,FALSE()),0)-(SUMIF($U$5:$U14,V15,$AK$5:$AK14)+SUMIF($V$5:$V14,V15,$AL$5:$AL14)+SUMIF($Y$5:$Y14,V15,$AA$5:$AA14)+SUMIF($AC$5:$AC14,V15,$AE$5:$AE14))),"") -> 3.44 | AJ15: =IFERROR(IF(AH15="","",AH15+IF(AI15="",0,AI15)),"") -> 3.44 | AK15: =IFERROR(IF(I15="","",IF(U15="",0,IF(V15="",(I15-AA15-AE15),MIN(AH15,(I15-AA15-AE15))))),"") -> 0 | AL15: =IFERROR(IF(I15="","",IF(V15="",0,MAX(0,(I15-AA15-AE15)-AK15))),"") -> 1.29
A16: B-2776 | B16: 46297 | F16: M2 | G16: H | H16: 4.7 | I16: =IFERROR(IF(H16="","",H16+AG16),"") -> 4.7 | J16: =IFERROR(IF(OR(I16="",AJ16=""),"",AJ16-(AK16+AL16)),"") -> 2.4 | K16: =IF(AND(AA16>0,AE16>0),TEXT(AA16,"0.000")&" kg "&Y16&" (funnel)"&" + "&TEXT(AE16,"0.000")&" kg "&AC16&" (funnel)",IF(AA16>0,TEXT(AA16,"0.000")&" kg "&Y16&" (funnel)",IF(AE16>0,TEXT(AE16,"0.000")&" kg "&AC16&" (funnel)",""))) -> 2.150 kg M2F- (funnel) | L16: =IF(OR(AK16="",AK16=0,U16=""),"",TEXT(AK16,"0.000")&" kg "&U16) | M16: =IF(OR(AL16="",AL16=0,V16=""),"",TEXT(AL16,"0.000")&" kg "&V16) -> 2.550 kg M2H- | N16: =IF(OR(I16="",U16=""),"",TEXT(MAX(0,(AH16-AK16-IF(Y16=U16,AA16,0)-IF(AC16=U16,AE16,0))),"0.000")&" kg "&U16) -> 0.000 kg M2G- | O16: =IF(OR(I16="",V16=""),"",TEXT(MAX(0,(AI16-AL16-IF(Y16=V16,AA16,0)-IF(AC16=V16,AE16,0))),"0.000")&" kg "&V16) -> 2.400 kg M2H- | Q16: =IF($A16="","",IF(D16="",Q15,D16)) -> M2 | R16: =IF($A16="","",IF(E16="",R15,E16)) -> G | S16: =IF($A16="","",IF(F16="",S15,F16)) -> M2 | T16: =IF($A16="","",IF(G16="",T15,G16)) -> H | U16: =IF(OR(Q16="",R16=""),"",Q16&R16&"-") -> M2G- | V16: =IF(OR(S16="",T16=""),"",S16&T16&"-") -> M2H- | W16: =IF(AND(U16<>"",U15<>"",U16<>U15),1,0) -> 0 | X16: =IF(AND(V16<>"",V15<>"",V16<>V15),1,0) -> 1 | Y16: =IF(W16=1,U15,IF(AB15>0,Y15,"")) | Z16: =IF(W16=1,MAX(0,MIN(Settings!$B$6,(IFERROR(VLOOKUP(U15,'Bucket Status'!$A$4:$B$75,2,FALSE()),0)-(SUMIF($U$5:$U15,U15,$AK$5:$AK15)+SUMIF($V$5:$V15,U15,$AL$5:$AL15)+SUMIF($Y$5:$Y15,U15,$AA$5:$AA15)+SUMIF($AC$5:$AC15,U15,$AE$5:$AE15))))),IF(AB15>0,AB15,0)) -> 0 | AA16: =IFERROR(IF(I16="",0,MAX(0,MIN(Z16,I16))),0) -> 0 | AB16: =IFERROR(Z16-AA16,0) -> 0 | AC16: =IF(X16=1,V15,IF(AF15>0,AC15,"")) -> M2F- | AD16: =IF(X16=1,MAX(0,MIN(Settings!$B$6-Z16,(IFERROR(VLOOKUP(V15,'Bucket Status'!$A$4:$B$75,2,FALSE()),0)-(SUMIF($U$5:$U15,V15,$AK$5:$AK15)+SUMIF($V$5:$V15,V15,$AL$5:$AL15)+SUMIF($Y$5:$Y15,V15,$AA$5:$AA15)+SUMIF($AC$5:$AC15,V15,$AE$5:$AE15))))),IF(AF15>0,AF15,0)) -> 2.15 | AE16: =IFERROR(IF(I16="",0,MAX(0,MIN(AD16,I16-AA16))),0) -> 2.15 | AF16: =IFERROR(AD16-AE16,0) -> 0 | AG16: =IFERROR(IF(C16="Y",Settings!$B$4+Settings!$B$5,0),0) -> 0 | AH16: =IFERROR(IF(U16="","",IFERROR(VLOOKUP(U16,'Bucket Status'!$A$4:$B$75,2,FALSE()),0)-(SUMIF($U$5:$U15,U16,$AK$5:$AK15)+SUMIF($V$5:$V15,U16,$AL$5:$AL15)+SUMIF($Y$5:$Y15,U16,$AA$5:$AA15)+SUMIF($AC$5:$AC15,U16,$AE$5:$AE15))),"") -> 0 | AI16: =IFERROR(IF(V16="","",IFERROR(VLOOKUP(V16,'Bucket Status'!$A$4:$B$75,2,FALSE()),0)-(SUMIF($U$5:$U15,V16,$AK$5:$AK15)+SUMIF($V$5:$V15,V16,$AL$5:$AL15)+SUMIF($Y$5:$Y15,V16,$AA$5:$AA15)+SUMIF($AC$5:$AC15,V16,$AE$5:$AE15))),"") -> 4.95 | AJ16: =IFERROR(IF(AH16="","",AH16+IF(AI16="",0,AI16)),"") -> 4.95 | AK16: =IFERROR(IF(I16="","",IF(U16="",0,IF(V16="",(I16-AA16-AE16),MIN(AH16,(I16-AA16-AE16))))),"") -> 0 | AL16: =IFERROR(IF(I16="","",IF(V16="",0,MAX(0,(I16-AA16-AE16)-AK16))),"") -> 2.55
A17: B-2777 | B17: 46300 | D17: M3 | E17: E | F17: M3 | G17: F | H17: 5.93 | I17: =IFERROR(IF(H17="","",H17+AG17),"") -> 5.93 | J17: =IFERROR(IF(OR(I17="",AJ17=""),"",AJ17-(AK17+AL17)),"") -> 6.57 | K17: =IF(AND(AA17>0,AE17>0),TEXT(AA17,"0.000")&" kg "&Y17&" (funnel)"&" + "&TEXT(AE17,"0.000")&" kg "&AC17&" (funnel)",IF(AA17>0,TEXT(AA17,"0.000")&" kg "&Y17&" (funnel)",IF(AE17>0,TEXT(AE17,"0.000")&" kg "&AC17&" (funnel)",""))) -> 2.400 kg M2H- (funnel) | L17: =IF(OR(AK17="",AK17=0,U17=""),"",TEXT(AK17,"0.000")&" kg "&U17) -> 3.530 kg M3E- | M17: =IF(OR(AL17="",AL17=0,V17=""),"",TEXT(AL17,"0.000")&" kg "&V17) | N17: =IF(OR(I17="",U17=""),"",TEXT(MAX(0,(AH17-AK17-IF(Y17=U17,AA17,0)-IF(AC17=U17,AE17,0))),"0.000")&" kg "&U17) -> 1.620 kg M3E- | O17: =IF(OR(I17="",V17=""),"",TEXT(MAX(0,(AI17-AL17-IF(Y17=V17,AA17,0)-IF(AC17=V17,AE17,0))),"0.000")&" kg "&V17) -> 4.950 kg M3F- | Q17: =IF($A17="","",IF(D17="",Q16,D17)) -> M3 | R17: =IF($A17="","",IF(E17="",R16,E17)) -> E | S17: =IF($A17="","",IF(F17="",S16,F17)) -> M3 | T17: =IF($A17="","",IF(G17="",T16,G17)) -> F | U17: =IF(OR(Q17="",R17=""),"",Q17&R17&"-") -> M3E- | V17: =IF(OR(S17="",T17=""),"",S17&T17&"-") -> M3F- | W17: =IF(AND(U17<>"",U16<>"",U17<>U16),1,0) -> 1 | X17: =IF(AND(V17<>"",V16<>"",V17<>V16),1,0) -> 1 | Y17: =IF(W17=1,U16,IF(AB16>0,Y16,"")) -> M2G- | Z17: =IF(W17=1,MAX(0,MIN(Settings!$B$6,(IFERROR(VLOOKUP(U16,'Bucket Status'!$A$4:$B$75,2,FALSE()),0)-(SUMIF($U$5:$U16,U16,$AK$5:$AK16)+SUMIF($V$5:$V16,U16,$AL$5:$AL16)+SUMIF($Y$5:$Y16,U16,$AA$5:$AA16)+SUMIF($AC$5:$AC16,U16,$AE$5:$AE16))))),IF(AB16>0,AB16,0)) -> 0 | AA17: =IFERROR(IF(I17="",0,MAX(0,MIN(Z17,I17))),0) -> 0 | AB17: =IFERROR(Z17-AA17,0) -> 0 | AC17: =IF(X17=1,V16,IF(AF16>0,AC16,"")) -> M2H- | AD17: =IF(X17=1,MAX(0,MIN(Settings!$B$6-Z17,(IFERROR(VLOOKUP(V16,'Bucket Status'!$A$4:$B$75,2,FALSE()),0)-(SUMIF($U$5:$U16,V16,$AK$5:$AK16)+SUMIF($V$5:$V16,V16,$AL$5:$AL16)+SUMIF($Y$5:$Y16,V16,$AA$5:$AA16)+SUMIF($AC$5:$AC16,V16,$AE$5:$AE16))))),IF(AF16>0,AF16,0)) -> 2.4 | AE17: =IFERROR(IF(I17="",0,MAX(0,MIN(AD17,I17-AA17))),0) -> 2.4 | AF17: =IFERROR(AD17-AE17,0) -> 0 | AG17: =IFERROR(IF(C17="Y",Settings!$B$4+Settings!$B$5,0),0) -> 0 | AH17: =IFERROR(IF(U17="","",IFERROR(VLOOKUP(U17,'Bucket Status'!$A$4:$B$75,2,FALSE()),0)-(SUMIF($U$5:$U16,U17,$AK$5:$AK16)+SUMIF($V$5:$V16,U17,$AL$5:$AL16)+SUMIF($Y$5:$Y16,U17,$AA$5:$AA16)+SUMIF($AC$5:$AC16,U17,$AE$5:$AE16))),"") -> 5.15 | AI17: =IFERROR(IF(V17="","",IFERROR(VLOOKUP(V17,'Bucket Status'!$A$4:$B$75,2,FALSE()),0)-(SUMIF($U$5:$U16,V17,$AK$5:$AK16)+SUMIF($V$5:$V16,V17,$AL$5:$AL16)+SUMIF($Y$5:$Y16,V17,$AA$5:$AA16)+SUMIF($AC$5:$AC16,V17,$AE$5:$AE16))),"") -> 4.95 | AJ17: =IFERROR(IF(AH17="","",AH17+IF(AI17="",0,AI17)),"") -> 10.1 | AK17: =IFERROR(IF(I17="","",IF(U17="",0,IF(V17="",(I17-AA17-AE17),MIN(AH17,(I17-AA17-AE17))))),"") -> 3.53 | AL17: =IFERROR(IF(I17="","",IF(V17="",0,MAX(0,(I17-AA17-AE17)-AK17))),"") -> 0
A18: B-2780 | B18: 46301 | H18: 5.25 | I18: =IFERROR(IF(H18="","",H18+AG18),"") -> 5.25 | J18: =IFERROR(IF(OR(I18="",AJ18=""),"",AJ18-(AK18+AL18)),"") -> 1.32 | K18: =IF(AND(AA18>0,AE18>0),TEXT(AA18,"0.000")&" kg "&Y18&" (funnel)"&" + "&TEXT(AE18,"0.000")&" kg "&AC18&" (funnel)",IF(AA18>0,TEXT(AA18,"0.000")&" kg "&Y18&" (funnel)",IF(AE18>0,TEXT(AE18,"0.000")&" kg "&AC18&" (funnel)",""))) | L18: =IF(OR(AK18="",AK18=0,U18=""),"",TEXT(AK18,"0.000")&" kg "&U18) -> 1.620 kg M3E- | M18: =IF(OR(AL18="",AL18=0,V18=""),"",TEXT(AL18,"0.000")&" kg "&V18) -> 3.630 kg M3F- | N18: =IF(OR(I18="",U18=""),"",TEXT(MAX(0,(AH18-AK18-IF(Y18=U18,AA18,0)-IF(AC18=U18,AE18,0))),"0.000")&" kg "&U18) -> 0.000 kg M3E- | O18: =IF(OR(I18="",V18=""),"",TEXT(MAX(0,(AI18-AL18-IF(Y18=V18,AA18,0)-IF(AC18=V18,AE18,0))),"0.000")&" kg "&V18) -> 1.320 kg M3F- | Q18: =IF($A18="","",IF(D18="",Q17,D18)) -> M3 | R18: =IF($A18="","",IF(E18="",R17,E18)) -> E | S18: =IF($A18="","",IF(F18="",S17,F18)) -> M3 | T18: =IF($A18="","",IF(G18="",T17,G18)) -> F | U18: =IF(OR(Q18="",R18=""),"",Q18&R18&"-") -> M3E- | V18: =IF(OR(S18="",T18=""),"",S18&T18&"-") -> M3F- | W18: =IF(AND(U18<>"",U17<>"",U18<>U17),1,0) -> 0 | X18: =IF(AND(V18<>"",V17<>"",V18<>V17),1,0) -> 0 | Y18: =IF(W18=1,U17,IF(AB17>0,Y17,"")) | Z18: =IF(W18=1,MAX(0,MIN(Settings!$B$6,(IFERROR(VLOOKUP(U17,'Bucket Status'!$A$4:$B$75,2,FALSE()),0)-(SUMIF($U$5:$U17,U17,$AK$5:$AK17)+SUMIF($V$5:$V17,U17,$AL$5:$AL17)+SUMIF($Y$5:$Y17,U17,$AA$5:$AA17)+SUMIF($AC$5:$AC17,U17,$AE$5:$AE17))))),IF(AB17>0,AB17,0)) -> 0 | AA18: =IFERROR(IF(I18="",0,MAX(0,MIN(Z18,I18))),0) -> 0 | AB18: =IFERROR(Z18-AA18,0) -> 0 | AC18: =IF(X18=1,V17,IF(AF17>0,AC17,"")) | AD18: =IF(X18=1,MAX(0,MIN(Settings!$B$6-Z18,(IFERROR(VLOOKUP(V17,'Bucket Status'!$A$4:$B$75,2,FALSE()),0)-(SUMIF($U$5:$U17,V17,$AK$5:$AK17)+SUMIF($V$5:$V17,V17,$AL$5:$AL17)+SUMIF($Y$5:$Y17,V17,$AA$5:$AA17)+SUMIF($AC$5:$AC17,V17,$AE$5:$AE17))))),IF(AF17>0,AF17,0)) -> 0 | AE18: =IFERROR(IF(I18="",0,MAX(0,MIN(AD18,I18-AA18))),0) -> 0 | AF18: =IFERROR(AD18-AE18,0) -> 0 | AG18: =IFERROR(IF(C18="Y",Settings!$B$4+Settings!$B$5,0),0) -> 0 | AH18: =IFERROR(IF(U18="","",IFERROR(VLOOKUP(U18,'Bucket Status'!$A$4:$B$75,2,FALSE()),0)-(SUMIF($U$5:$U17,U18,$AK$5:$AK17)+SUMIF($V$5:$V17,U18,$AL$5:$AL17)+SUMIF($Y$5:$Y17,U18,$AA$5:$AA17)+SUMIF($AC$5:$AC17,U18,$AE$5:$AE17))),"") -> 1.62 | AI18: =IFERROR(IF(V18="","",IFERROR(VLOOKUP(V18,'Bucket Status'!$A$4:$B$75,2,FALSE()),0)-(SUMIF($U$5:$U17,V18,$AK$5:$AK17)+SUMIF($V$5:$V17,V18,$AL$5:$AL17)+SUMIF($Y$5:$Y17,V18,$AA$5:$AA17)+SUMIF($AC$5:$AC17,V18,$AE$5:$AE17))),"") -> 4.95 | AJ18: =IFERROR(IF(AH18="","",AH18+IF(AI18="",0,AI18)),"") -> 6.57 | AK18: =IFERROR(IF(I18="","",IF(U18="",0,IF(V18="",(I18-AA18-AE18),MIN(AH18,(I18-AA18-AE18))))),"") -> 1.62 | AL18: =IFERROR(IF(I18="","",IF(V18="",0,MAX(0,(I18-AA18-AE18)-AK18))),"") -> 3.63
A19: B-2783 | B19: 46302 | D19: M3 | E19: G | F19: M3 | G19: H | H19: 4.49 | I19: =IFERROR(IF(H19="","",H19+AG19),"") -> 4.49 | J19: =IFERROR(IF(OR(I19="",AJ19=""),"",AJ19-(AK19+AL19)),"") -> 7.05 | K19: =IF(AND(AA19>0,AE19>0),TEXT(AA19,"0.000")&" kg "&Y19&" (funnel)"&" + "&TEXT(AE19,"0.000")&" kg "&AC19&" (funnel)",IF(AA19>0,TEXT(AA19,"0.000")&" kg "&Y19&" (funnel)",IF(AE19>0,TEXT(AE19,"0.000")&" kg "&AC19&" (funnel)",""))) -> 1.320 kg M3F- (funnel) | L19: =IF(OR(AK19="",AK19=0,U19=""),"",TEXT(AK19,"0.000")&" kg "&U19) -> 3.170 kg M3G- | M19: =IF(OR(AL19="",AL19=0,V19=""),"",TEXT(AL19,"0.000")&" kg "&V19) | N19: =IF(OR(I19="",U19=""),"",TEXT(MAX(0,(AH19-AK19-IF(Y19=U19,AA19,0)-IF(AC19=U19,AE19,0))),"0.000")&" kg "&U19) -> 1.900 kg M3G- | O19: =IF(OR(I19="",V19=""),"",TEXT(MAX(0,(AI19-AL19-IF(Y19=V19,AA19,0)-IF(AC19=V19,AE19,0))),"0.000")&" kg "&V19) -> 5.150 kg M3H- | Q19: =IF($A19="","",IF(D19="",Q18,D19)) -> M3 | R19: =IF($A19="","",IF(E19="",R18,E19)) -> G | S19: =IF($A19="","",IF(F19="",S18,F19)) -> M3 | T19: =IF($A19="","",IF(G19="",T18,G19)) -> H | U19: =IF(OR(Q19="",R19=""),"",Q19&R19&"-") -> M3G- | V19: =IF(OR(S19="",T19=""),"",S19&T19&"-") -> M3H- | W19: =IF(AND(U19<>"",U18<>"",U19<>U18),1,0) -> 1 | X19: =IF(AND(V19<>"",V18<>"",V19<>V18),1,0) -> 1 | Y19: =IF(W19=1,U18,IF(AB18>0,Y18,"")) -> M3E- | Z19: =IF(W19=1,MAX(0,MIN(Settings!$B$6,(IFERROR(VLOOKUP(U18,'Bucket Status'!$A$4:$B$75,2,FALSE()),0)-(SUMIF($U$5:$U18,U18,$AK$5:$AK18)+SUMIF($V$5:$V18,U18,$AL$5:$AL18)+SUMIF($Y$5:$Y18,U18,$AA$5:$AA18)+SUMIF($AC$5:$AC18,U18,$AE$5:$AE18))))),IF(AB18>0,AB18,0)) -> 0 | AA19: =IFERROR(IF(I19="",0,MAX(0,MIN(Z19,I19))),0) -> 0 | AB19: =IFERROR(Z19-AA19,0) -> 0 | AC19: =IF(X19=1,V18,IF(AF18>0,AC18,"")) -> M3F- | AD19: =IF(X19=1,MAX(0,MIN(Settings!$B$6-Z19,(IFERROR(VLOOKUP(V18,'Bucket Status'!$A$4:$B$75,2,FALSE()),0)-(SUMIF($U$5:$U18,V18,$AK$5:$AK18)+SUMIF($V$5:$V18,V18,$AL$5:$AL18)+SUMIF($Y$5:$Y18,V18,$AA$5:$AA18)+SUMIF($AC$5:$AC18,V18,$AE$5:$AE18))))),IF(AF18>0,AF18,0)) -> 1.32 | AE19: =IFERROR(IF(I19="",0,MAX(0,MIN(AD19,I19-AA19))),0) -> 1.32 | AF19: =IFERROR(AD19-AE19,0) -> 0 | AG19: =IFERROR(IF(C19="Y",Settings!$B$4+Settings!$B$5,0),0) -> 0 | AH19: =IFERROR(IF(U19="","",IFERROR(VLOOKUP(U19,'Bucket Status'!$A$4:$B$75,2,FALSE()),0)-(SUMIF($U$5:$U18,U19,$AK$5:$AK18)+SUMIF($V$5:$V18,U19,$AL$5:$AL18)+SUMIF($Y$5:$Y18,U19,$AA$5:$AA18)+SUMIF($AC$5:$AC18,U19,$AE$5:$AE18))),"") -> 5.07 | AI19: =IFERROR(IF(V19="","",IFERROR(VLOOKUP(V19,'Bucket Status'!$A$4:$B$75,2,FALSE()),0)-(SUMIF($U$5:$U18,V19,$AK$5:$AK18)+SUMIF($V$5:$V18,V19,$AL$5:$AL18)+SUMIF($Y$5:$Y18,V19,$AA$5:$AA18)+SUMIF($AC$5:$AC18,V19,$AE$5:$AE18))),"") -> 5.15 | AJ19: =IFERROR(IF(AH19="","",AH19+IF(AI19="",0,AI19)),"") -> 10.22 | AK19: =IFERROR(IF(I19="","",IF(U19="",0,IF(V19="",(I19-AA19-AE19),MIN(AH19,(I19-AA19-AE19))))),"") -> 3.17 | AL19: =IFERROR(IF(I19="","",IF(V19="",0,MAX(0,(I19-AA19-AE19)-AK19))),"") -> 0
A20: B-2786 | B20: 46303 | H20: 5.38 | I20: =IFERROR(IF(H20="","",H20+AG20),"") -> 5.38 | J20: =IFERROR(IF(OR(I20="",AJ20=""),"",AJ20-(AK20+AL20)),"") -> 1.67 | K20: =IF(AND(AA20>0,AE20>0),TEXT(AA20,"0.000")&" kg "&Y20&" (funnel)"&" + "&TEXT(AE20,"0.000")&" kg "&AC20&" (funnel)",IF(AA20>0,TEXT(AA20,"0.000")&" kg "&Y20&" (funnel)",IF(AE20>0,TEXT(AE20,"0.000")&" kg "&AC20&" (funnel)",""))) | L20: =IF(OR(AK20="",AK20=0,U20=""),"",TEXT(AK20,"0.000")&" kg "&U20) -> 1.900 kg M3G- | M20: =IF(OR(AL20="",AL20=0,V20=""),"",TEXT(AL20,"0.000")&" kg "&V20) -> 3.480 kg M3H- | N20: =IF(OR(I20="",U20=""),"",TEXT(MAX(0,(AH20-AK20-IF(Y20=U20,AA20,0)-IF(AC20=U20,AE20,0))),"0.000")&" kg "&U20) -> 0.000 kg M3G- | O20: =IF(OR(I20="",V20=""),"",TEXT(MAX(0,(AI20-AL20-IF(Y20=V20,AA20,0)-IF(AC20=V20,AE20,0))),"0.000")&" kg "&V20) -> 1.670 kg M3H- | Q20: =IF($A20="","",IF(D20="",Q19,D20)) -> M3 | R20: =IF($A20="","",IF(E20="",R19,E20)) -> G | S20: =IF($A20="","",IF(F20="",S19,F20)) -> M3 | T20: =IF($A20="","",IF(G20="",T19,G20)) -> H | U20: =IF(OR(Q20="",R20=""),"",Q20&R20&"-") -> M3G- | V20: =IF(OR(S20="",T20=""),"",S20&T20&"-") -> M3H- | W20: =IF(AND(U20<>"",U19<>"",U20<>U19),1,0) -> 0 | X20: =IF(AND(V20<>"",V19<>"",V20<>V19),1,0) -> 0 | Y20: =IF(W20=1,U19,IF(AB19>0,Y19,"")) | Z20: =IF(W20=1,MAX(0,MIN(Settings!$B$6,(IFERROR(VLOOKUP(U19,'Bucket Status'!$A$4:$B$75,2,FALSE()),0)-(SUMIF($U$5:$U19,U19,$AK$5:$AK19)+SUMIF($V$5:$V19,U19,$AL$5:$AL19)+SUMIF($Y$5:$Y19,U19,$AA$5:$AA19)+SUMIF($AC$5:$AC19,U19,$AE$5:$AE19))))),IF(AB19>0,AB19,0)) -> 0 | AA20: =IFERROR(IF(I20="",0,MAX(0,MIN(Z20,I20))),0) -> 0 | AB20: =IFERROR(Z20-AA20,0) -> 0 | AC20: =IF(X20=1,V19,IF(AF19>0,AC19,"")) | AD20: =IF(X20=1,MAX(0,MIN(Settings!$B$6-Z20,(IFERROR(VLOOKUP(V19,'Bucket Status'!$A$4:$B$75,2,FALSE()),0)-(SUMIF($U$5:$U19,V19,$AK$5:$AK19)+SUMIF($V$5:$V19,V19,$AL$5:$AL19)+SUMIF($Y$5:$Y19,V19,$AA$5:$AA19)+SUMIF($AC$5:$AC19,V19,$AE$5:$AE19))))),IF(AF19>0,AF19,0)) -> 0 | AE20: =IFERROR(IF(I20="",0,MAX(0,MIN(AD20,I20-AA20))),0) -> 0 | AF20: =IFERROR(AD20-AE20,0) -> 0 | AG20: =IFERROR(IF(C20="Y",Settings!$B$4+Settings!$B$5,0),0) -> 0 | AH20: =IFERROR(IF(U20="","",IFERROR(VLOOKUP(U20,'Bucket Status'!$A$4:$B$75,2,FALSE()),0)-(SUMIF($U$5:$U19,U20,$AK$5:$AK19)+SUMIF($V$5:$V19,U20,$AL$5:$AL19)+SUMIF($Y$5:$Y19,U20,$AA$5:$AA19)+SUMIF($AC$5:$AC19,U20,$AE$5:$AE19))),"") -> 1.9 | AI20: =IFERROR(IF(V20="","",IFERROR(VLOOKUP(V20,'Bucket Status'!$A$4:$B$75,2,FALSE()),0)-(SUMIF($U$5:$U19,V20,$AK$5:$AK19)+SUMIF($V$5:$V19,V20,$AL$5:$AL19)+SUMIF($Y$5:$Y19,V20,$AA$5:$AA19)+SUMIF($AC$5:$AC19,V20,$AE$5:$AE19))),"") -> 5.15 | AJ20: =IFERROR(IF(AH20="","",AH20+IF(AI20="",0,AI20)),"") -> 7.05 | AK20: =IFERROR(IF(I20="","",IF(U20="",0,IF(V20="",(I20-AA20-AE20),MIN(AH20,(I20-AA20-AE20))))),"") -> 1.9 | AL20: =IFERROR(IF(I20="","",IF(V20="",0,MAX(0,(I20-AA20-AE20)-AK20))),"") -> 3.48
A21: B-2788 | B21: 46304 | D21: M3 | E21: D | H21: 3.37 | I21: =IFERROR(IF(H21="","",H21+AG21),"") -> 3.37 | J21: =IFERROR(IF(OR(I21="",AJ21=""),"",AJ21-(AK21+AL21)),"") -> 3.29 | K21: =IF(AND(AA21>0,AE21>0),TEXT(AA21,"0.000")&" kg "&Y21&" (funnel)"&" + "&TEXT(AE21,"0.000")&" kg "&AC21&" (funnel)",IF(AA21>0,TEXT(AA21,"0.000")&" kg "&Y21&" (funnel)",IF(AE21>0,TEXT(AE21,"0.000")&" kg "&AC21&" (funnel)",""))) -> 1.670 kg M3H- (funnel) | L21: =IF(OR(AK21="",AK21=0,U21=""),"",TEXT(AK21,"0.000")&" kg "&U21) -> 1.700 kg M3D- | M21: =IF(OR(AL21="",AL21=0,V21=""),"",TEXT(AL21,"0.000")&" kg "&V21) | N21: =IF(OR(I21="",U21=""),"",TEXT(MAX(0,(AH21-AK21-IF(Y21=U21,AA21,0)-IF(AC21=U21,AE21,0))),"0.000")&" kg "&U21) -> 3.290 kg M3D- | O21: =IF(OR(I21="",V21=""),"",TEXT(MAX(0,(AI21-AL21-IF(Y21=V21,AA21,0)-IF(AC21=V21,AE21,0))),"0.000")&" kg "&V21) -> 0.000 kg H- | Q21: =IF($A21="","",IF(D21="",Q20,D21)) -> M3 | R21: =IF($A21="","",IF(E21="",R20,E21)) -> D | S21: =IF($A21="","",IF(F21="",S20,F21)) | T21: =IF($A21="","",IF(G21="",T20,G21)) -> H | U21: =IF(OR(Q21="",R21=""),"",Q21&R21&"-") -> M3D- | V21: =IF(OR(S21="",T21=""),"",S21&T21&"-") -> H- | W21: =IF(AND(U21<>"",U20<>"",U21<>U20),1,0) -> 1 | X21: =IF(AND(V21<>"",V20<>"",V21<>V20),1,0) -> 1 | Y21: =IF(W21=1,U20,IF(AB20>0,Y20,"")) -> M3G- | Z21: =IF(W21=1,MAX(0,MIN(Settings!$B$6,(IFERROR(VLOOKUP(U20,'Bucket Status'!$A$4:$B$75,2,FALSE()),0)-(SUMIF($U$5:$U20,U20,$AK$5:$AK20)+SUMIF($V$5:$V20,U20,$AL$5:$AL20)+SUMIF($Y$5:$Y20,U20,$AA$5:$AA20)+SUMIF($AC$5:$AC20,U20,$AE$5:$AE20))))),IF(AB20>0,AB20,0)) -> 0 | AA21: =IFERROR(IF(I21="",0,MAX(0,MIN(Z21,I21))),0) -> 0 | AB21: =IFERROR(Z21-AA21,0) -> 0 | AC21: =IF(X21=1,V20,IF(AF20>0,AC20,"")) -> M3H- | AD21: =IF(X21=1,MAX(0,MIN(Settings!$B$6-Z21,(IFERROR(VLOOKUP(V20,'Bucket Status'!$A$4:$B$75,2,FALSE()),0)-(SUMIF($U$5:$U20,V20,$AK$5:$AK20)+SUMIF($V$5:$V20,V20,$AL$5:$AL20)+SUMIF($Y$5:$Y20,V20,$AA$5:$AA20)+SUMIF($AC$5:$AC20,V20,$AE$5:$AE20))))),IF(AF20>0,AF20,0)) -> 1.67 | AE21: =IFERROR(IF(I21="",0,MAX(0,MIN(AD21,I21-AA21))),0) -> 1.67 | AF21: =IFERROR(AD21-AE21,0) -> 0 | AG21: =IFERROR(IF(C21="Y",Settings!$B$4+Settings!$B$5,0),0) -> 0 | AH21: =IFERROR(IF(U21="","",IFERROR(VLOOKUP(U21,'Bucket Status'!$A$4:$B$75,2,FALSE()),0)-(SUMIF($U$5:$U20,U21,$AK$5:$AK20)+SUMIF($V$5:$V20,U21,$AL$5:$AL20)+SUMIF($Y$5:$Y20,U21,$AA$5:$AA20)+SUMIF($AC$5:$AC20,U21,$AE$5:$AE20))),"") -> 4.99 | AI21: =IFERROR(IF(V21="","",IFERROR(VLOOKUP(V21,'Bucket Status'!$A$4:$B$75,2,FALSE()),0)-(SUMIF($U$5:$U20,V21,$AK$5:$AK20)+SUMIF($V$5:$V20,V21,$AL$5:$AL20)+SUMIF($Y$5:$Y20,V21,$AA$5:$AA20)+SUMIF($AC$5:$AC20,V21,$AE$5:$AE20))),"") -> 0 | AJ21: =IFERROR(IF(AH21="","",AH21+IF(AI21="",0,AI21)),"") -> 4.99 | AK21: =IFERROR(IF(I21="","",IF(U21="",0,IF(V21="",(I21-AA21-AE21),MIN(AH21,(I21-AA21-AE21))))),"") -> 1.7 | AL21: =IFERROR(IF(I21="","",IF(V21="",0,MAX(0,(I21-AA21-AE21)-AK21))),"") -> 0
A22: B-2793 | B22: 46307 | D22: M4 | E22: E | H22: 3.21 | I22: =IFERROR(IF(H22="","",H22+AG22),"") -> 3.21 | J22: =IFERROR(IF(OR(I22="",AJ22=""),"",AJ22-(AK22+AL22)),"") -> 5.01 | K22: =IF(AND(AA22>0,AE22>0),TEXT(AA22,"0.000")&" kg "&Y22&" (funnel)"&" + "&TEXT(AE22,"0.000")&" kg "&AC22&" (funnel)",IF(AA22>0,TEXT(AA22,"0.000")&" kg "&Y22&" (funnel)",IF(AE22>0,TEXT(AE22,"0.000")&" kg "&AC22&" (funnel)",""))) -> 3.210 kg M3D- (funnel) | L22: =IF(OR(AK22="",AK22=0,U22=""),"",TEXT(AK22,"0.000")&" kg "&U22) | M22: =IF(OR(AL22="",AL22=0,V22=""),"",TEXT(AL22,"0.000")&" kg "&V22) | N22: =IF(OR(I22="",U22=""),"",TEXT(MAX(0,(AH22-AK22-IF(Y22=U22,AA22,0)-IF(AC22=U22,AE22,0))),"0.000")&" kg "&U22) -> 5.010 kg M4E- | O22: =IF(OR(I22="",V22=""),"",TEXT(MAX(0,(AI22-AL22-IF(Y22=V22,AA22,0)-IF(AC22=V22,AE22,0))),"0.000")&" kg "&V22) -> 0.000 kg H- | Q22: =IF($A22="","",IF(D22="",Q21,D22)) -> M4 | R22: =IF($A22="","",IF(E22="",R21,E22)) -> E | S22: =IF($A22="","",IF(F22="",S21,F22)) | T22: =IF($A22="","",IF(G22="",T21,G22)) -> H | U22: =IF(OR(Q22="",R22=""),"",Q22&R22&"-") -> M4E- | V22: =IF(OR(S22="",T22=""),"",S22&T22&"-") -> H- | W22: =IF(AND(U22<>"",U21<>"",U22<>U21),1,0) -> 1 | X22: =IF(AND(V22<>"",V21<>"",V22<>V21),1,0) -> 0 | Y22: =IF(W22=1,U21,IF(AB21>0,Y21,"")) -> M3D- | Z22: =IF(W22=1,MAX(0,MIN(Settings!$B$6,(IFERROR(VLOOKUP(U21,'Bucket Status'!$A$4:$B$75,2,FALSE()),0)-(SUMIF($U$5:$U21,U21,$AK$5:$AK21)+SUMIF($V$5:$V21,U21,$AL$5:$AL21)+SUMIF($Y$5:$Y21,U21,$AA$5:$AA21)+SUMIF($AC$5:$AC21,U21,$AE$5:$AE21))))),IF(AB21>0,AB21,0)) -> 3.29 | AA22: =IFERROR(IF(I22="",0,MAX(0,MIN(Z22,I22))),0) -> 3.21 | AB22: =IFERROR(Z22-AA22,0) -> 0.08 | AC22: =IF(X22=1,V21,IF(AF21>0,AC21,"")) | AD22: =IF(X22=1,MAX(0,MIN(Settings!$B$6-Z22,(IFERROR(VLOOKUP(V21,'Bucket Status'!$A$4:$B$75,2,FALSE()),0)-(SUMIF($U$5:$U21,V21,$AK$5:$AK21)+SUMIF($V$5:$V21,V21,$AL$5:$AL21)+SUMIF($Y$5:$Y21,V21,$AA$5:$AA21)+SUMIF($AC$5:$AC21,V21,$AE$5:$AE21))))),IF(AF21>0,AF21,0)) -> 0 | AE22: =IFERROR(IF(I22="",0,MAX(0,MIN(AD22,I22-AA22))),0) -> 0 | AF22: =IFERROR(AD22-AE22,0) -> 0 | AG22: =IFERROR(IF(C22="Y",Settings!$B$4+Settings!$B$5,0),0) -> 0 | AH22: =IFERROR(IF(U22="","",IFERROR(VLOOKUP(U22,'Bucket Status'!$A$4:$B$75,2,FALSE()),0)-(SUMIF($U$5:$U21,U22,$AK$5:$AK21)+SUMIF($V$5:$V21,U22,$AL$5:$AL21)+SUMIF($Y$5:$Y21,U22,$AA$5:$AA21)+SUMIF($AC$5:$AC21,U22,$AE$5:$AE21))),"") -> 5.01 | AI22: =IFERROR(IF(V22="","",IFERROR(VLOOKUP(V22,'Bucket Status'!$A$4:$B$75,2,FALSE()),0)-(SUMIF($U$5:$U21,V22,$AK$5:$AK21)+SUMIF($V$5:$V21,V22,$AL$5:$AL21)+SUMIF($Y$5:$Y21,V22,$AA$5:$AA21)+SUMIF($AC$5:$AC21,V22,$AE$5:$AE21))),"") -> 0 | AJ22: =IFERROR(IF(AH22="","",AH22+IF(AI22="",0,AI22)),"") -> 5.01 | AK22: =IFERROR(IF(I22="","",IF(U22="",0,IF(V22="",(I22-AA22-AE22),MIN(AH22,(I22-AA22-AE22))))),"") -> 0 | AL22: =IFERROR(IF(I22="","",IF(V22="",0,MAX(0,(I22-AA22-AE22)-AK22))),"") -> 0
A23: B-2795 | B23: 46308 | H23: 2.35 | I23: =IFERROR(IF(H23="","",H23+AG23),"") -> 2.35 | J23: =IFERROR(IF(OR(I23="",AJ23=""),"",AJ23-(AK23+AL23)),"") -> 2.74 | K23: =IF(AND(AA23>0,AE23>0),TEXT(AA23,"0.000")&" kg "&Y23&" (funnel)"&" + "&TEXT(AE23,"0.000")&" kg "&AC23&" (funnel)",IF(AA23>0,TEXT(AA23,"0.000")&" kg "&Y23&" (funnel)",IF(AE23>0,TEXT(AE23,"0.000")&" kg "&AC23&" (funnel)",""))) -> 0.080 kg M3D- (funnel) | L23: =IF(OR(AK23="",AK23=0,U23=""),"",TEXT(AK23,"0.000")&" kg "&U23) -> 2.270 kg M4E- | M23: =IF(OR(AL23="",AL23=0,V23=""),"",TEXT(AL23,"0.000")&" kg "&V23) | N23: =IF(OR(I23="",U23=""),"",TEXT(MAX(0,(AH23-AK23-IF(Y23=U23,AA23,0)-IF(AC23=U23,AE23,0))),"0.000")&" kg "&U23) -> 2.740 kg M4E- | O23: =IF(OR(I23="",V23=""),"",TEXT(MAX(0,(AI23-AL23-IF(Y23=V23,AA23,0)-IF(AC23=V23,AE23,0))),"0.000")&" kg "&V23) -> 0.000 kg H- | Q23: =IF($A23="","",IF(D23="",Q22,D23)) -> M4 | R23: =IF($A23="","",IF(E23="",R22,E23)) -> E | S23: =IF($A23="","",IF(F23="",S22,F23)) | T23: =IF($A23="","",IF(G23="",T22,G23)) -> H | U23: =IF(OR(Q23="",R23=""),"",Q23&R23&"-") -> M4E- | V23: =IF(OR(S23="",T23=""),"",S23&T23&"-") -> H- | W23: =IF(AND(U23<>"",U22<>"",U23<>U22),1,0) -> 0 | X23: =IF(AND(V23<>"",V22<>"",V23<>V22),1,0) -> 0 | Y23: =IF(W23=1,U22,IF(AB22>0,Y22,"")) -> M3D- | Z23: =IF(W23=1,MAX(0,MIN(Settings!$B$6,(IFERROR(VLOOKUP(U22,'Bucket Status'!$A$4:$B$75,2,FALSE()),0)-(SUMIF($U$5:$U22,U22,$AK$5:$AK22)+SUMIF($V$5:$V22,U22,$AL$5:$AL22)+SUMIF($Y$5:$Y22,U22,$AA$5:$AA22)+SUMIF($AC$5:$AC22,U22,$AE$5:$AE22))))),IF(AB22>0,AB22,0)) -> 0.08 | AA23: =IFERROR(IF(I23="",0,MAX(0,MIN(Z23,I23))),0) -> 0.08 | AB23: =IFERROR(Z23-AA23,0) -> 0 | AC23: =IF(X23=1,V22,IF(AF22>0,AC22,"")) | AD23: =IF(X23=1,MAX(0,MIN(Settings!$B$6-Z23,(IFERROR(VLOOKUP(V22,'Bucket Status'!$A$4:$B$75,2,FALSE()),0)-(SUMIF($U$5:$U22,V22,$AK$5:$AK22)+SUMIF($V$5:$V22,V22,$AL$5:$AL22)+SUMIF($Y$5:$Y22,V22,$AA$5:$AA22)+SUMIF($AC$5:$AC22,V22,$AE$5:$AE22))))),IF(AF22>0,AF22,0)) -> 0 | AE23: =IFERROR(IF(I23="",0,MAX(0,MIN(AD23,I23-AA23))),0) -> 0 | AF23: =IFERROR(AD23-AE23,0) -> 0 | AG23: =IFERROR(IF(C23="Y",Settings!$B$4+Settings!$B$5,0),0) -> 0 | AH23: =IFERROR(IF(U23="","",IFERROR(VLOOKUP(U23,'Bucket Status'!$A$4:$B$75,2,FALSE()),0)-(SUMIF($U$5:$U22,U23,$AK$5:$AK22)+SUMIF($V$5:$V22,U23,$AL$5:$AL22)+SUMIF($Y$5:$Y22,U23,$AA$5:$AA22)+SUMIF($AC$5:$AC22,U23,$AE$5:$AE22))),"") -> 5.01 | AI23: =IFERROR(IF(V23="","",IFERROR(VLOOKUP(V23,'Bucket Status'!$A$4:$B$75,2,FALSE()),0)-(SUMIF($U$5:$U22,V23,$AK$5:$AK22)+SUMIF($V$5:$V22,V23,$AL$5:$AL22)+SUMIF($Y$5:$Y22,V23,$AA$5:$AA22)+SUMIF($AC$5:$AC22,V23,$AE$5:$AE22))),"") -> 0 | AJ23: =IFERROR(IF(AH23="","",AH23+IF(AI23="",0,AI23)),"") -> 5.01 | AK23: =IFERROR(IF(I23="","",IF(U23="",0,IF(V23="",(I23-AA23-AE23),MIN(AH23,(I23-AA23-AE23))))),"") -> 2.27 | AL23: =IFERROR(IF(I23="","",IF(V23="",0,MAX(0,(I23-AA23-AE23)-AK23))),"") -> 0
A24: B-2796 | B24: 46309 | F24: M4 | G24: F | H24: 3.75 | I24: =IFERROR(IF(H24="","",H24+AG24),"") -> 3.75 | J24: =IFERROR(IF(OR(I24="",AJ24=""),"",AJ24-(AK24+AL24)),"") -> 4.15 | K24: =IF(AND(AA24>0,AE24>0),TEXT(AA24,"0.000")&" kg "&Y24&" (funnel)"&" + "&TEXT(AE24,"0.000")&" kg "&AC24&" (funnel)",IF(AA24>0,TEXT(AA24,"0.000")&" kg "&Y24&" (funnel)",IF(AE24>0,TEXT(AE24,"0.000")&" kg "&AC24&" (funnel)",""))) | L24: =IF(OR(AK24="",AK24=0,U24=""),"",TEXT(AK24,"0.000")&" kg "&U24) -> 2.740 kg M4E- | M24: =IF(OR(AL24="",AL24=0,V24=""),"",TEXT(AL24,"0.000")&" kg "&V24) -> 1.010 kg M4F- | N24: =IF(OR(I24="",U24=""),"",TEXT(MAX(0,(AH24-AK24-IF(Y24=U24,AA24,0)-IF(AC24=U24,AE24,0))),"0.000")&" kg "&U24) -> 0.000 kg M4E- | O24: =IF(OR(I24="",V24=""),"",TEXT(MAX(0,(AI24-AL24-IF(Y24=V24,AA24,0)-IF(AC24=V24,AE24,0))),"0.000")&" kg "&V24) -> 4.150 kg M4F- | Q24: =IF($A24="","",IF(D24="",Q23,D24)) -> M4 | R24: =IF($A24="","",IF(E24="",R23,E24)) -> E | S24: =IF($A24="","",IF(F24="",S23,F24)) -> M4 | T24: =IF($A24="","",IF(G24="",T23,G24)) -> F | U24: =IF(OR(Q24="",R24=""),"",Q24&R24&"-") -> M4E- | V24: =IF(OR(S24="",T24=""),"",S24&T24&"-") -> M4F- | W24: =IF(AND(U24<>"",U23<>"",U24<>U23),1,0) -> 0 | X24: =IF(AND(V24<>"",V23<>"",V24<>V23),1,0) -> 1 | Y24: =IF(W24=1,U23,IF(AB23>0,Y23,"")) | Z24: =IF(W24=1,MAX(0,MIN(Settings!$B$6,(IFERROR(VLOOKUP(U23,'Bucket Status'!$A$4:$B$75,2,FALSE()),0)-(SUMIF($U$5:$U23,U23,$AK$5:$AK23)+SUMIF($V$5:$V23,U23,$AL$5:$AL23)+SUMIF($Y$5:$Y23,U23,$AA$5:$AA23)+SUMIF($AC$5:$AC23,U23,$AE$5:$AE23))))),IF(AB23>0,AB23,0)) -> 0 | AA24: =IFERROR(IF(I24="",0,MAX(0,MIN(Z24,I24))),0) -> 0 | AB24: =IFERROR(Z24-AA24,0) -> 0 | AC24: =IF(X24=1,V23,IF(AF23>0,AC23,"")) -> H- | AD24: =IF(X24=1,MAX(0,MIN(Settings!$B$6-Z24,(IFERROR(VLOOKUP(V23,'Bucket Status'!$A$4:$B$75,2,FALSE()),0)-(SUMIF($U$5:$U23,V23,$AK$5:$AK23)+SUMIF($V$5:$V23,V23,$AL$5:$AL23)+SUMIF($Y$5:$Y23,V23,$AA$5:$AA23)+SUMIF($AC$5:$AC23,V23,$AE$5:$AE23))))),IF(AF23>0,AF23,0)) -> 0 | AE24: =IFERROR(IF(I24="",0,MAX(0,MIN(AD24,I24-AA24))),0) -> 0 | AF24: =IFERROR(AD24-AE24,0) -> 0 | AG24: =IFERROR(IF(C24="Y",Settings!$B$4+Settings!$B$5,0),0) -> 0 | AH24: =IFERROR(IF(U24="","",IFERROR(VLOOKUP(U24,'Bucket Status'!$A$4:$B$75,2,FALSE()),0)-(SUMIF($U$5:$U23,U24,$AK$5:$AK23)+SUMIF($V$5:$V23,U24,$AL$5:$AL23)+SUMIF($Y$5:$Y23,U24,$AA$5:$AA23)+SUMIF($AC$5:$AC23,U24,$AE$5:$AE23))),"") -> 2.74 | AI24: =IFERROR(IF(V24="","",IFERROR(VLOOKUP(V24,'Bucket Status'!$A$4:$B$75,2,FALSE()),0)-(SUMIF($U$5:$U23,V24,$AK$5:$AK23)+SUMIF($V$5:$V23,V24,$AL$5:$AL23)+SUMIF($Y$5:$Y23,V24,$AA$5:$AA23)+SUMIF($AC$5:$AC23,V24,$AE$5:$AE23))),"") -> 5.16 | AJ24: =IFERROR(IF(AH24="","",AH24+IF(AI24="",0,AI24)),"") -> 7.9 | AK24: =IFERROR(IF(I24="","",IF(U24="",0,IF(V24="",(I24-AA24-AE24),MIN(AH24,(I24-AA24-AE24))))),"") -> 2.74 | AL24: =IFERROR(IF(I24="","",IF(V24="",0,MAX(0,(I24-AA24-AE24)-AK24))),"") -> 1.01
I25: =IFERROR(IF(H25="","",H25+AG25),"") | J25: =IFERROR(IF(OR(I25="",AJ25=""),"",AJ25-(AK25+AL25)),"") | K25: =IF(AND(AA25>0,AE25>0),TEXT(AA25,"0.000")&" kg "&Y25&" (funnel)"&" + "&TEXT(AE25,"0.000")&" kg "&AC25&" (funnel)",IF(AA25>0,TEXT(AA25,"0.000")&" kg "&Y25&" (funnel)",IF(AE25>0,TEXT(AE25,"0.000")&" kg "&AC25&" (funnel)",""))) | L25: =IF(OR(AK25="",AK25=0,U25=""),"",TEXT(AK25,"0.000")&" kg "&U25) | M25: =IF(OR(AL25="",AL25=0,V25=""),"",TEXT(AL25,"0.000")&" kg "&V25) | N25: =IF(OR(I25="",U25=""),"",TEXT(MAX(0,(AH25-AK25-IF(Y25=U25,AA25,0)-IF(AC25=U25,AE25,0))),"0.000")&" kg "&U25) | O25: =IF(OR(I25="",V25=""),"",TEXT(MAX(0,(AI25-AL25-IF(Y25=V25,AA25,0)-IF(AC25=V25,AE25,0))),"0.000")&" kg "&V25) | Q25: =IF($A25="","",IF(D25="",Q24,D25)) | R25: =IF($A25="","",IF(E25="",R24,E25)) | S25: =IF($A25="","",IF(F25="",S24,F25)) | T25: =IF($A25="","",IF(G25="",T24,G25)) | U25: =IF(OR(Q25="",R25=""),"",Q25&R25&"-") | V25: =IF(OR(S25="",T25=""),"",S25&T25&"-") | W25: =IF(AND(U25<>"",U24<>"",U25<>U24),1,0) -> 0 | X25: =IF(AND(V25<>"",V24<>"",V25<>V24),1,0) -> 0 | Y25: =IF(W25=1,U24,IF(AB24>0,Y24,"")) | Z25: =IF(W25=1,MAX(0,MIN(Settings!$B$6,(IFERROR(VLOOKUP(U24,'Bucket Status'!$A$4:$B$75,2,FALSE()),0)-(SUMIF($U$5:$U24,U24,$AK$5:$AK24)+SUMIF($V$5:$V24,U24,$AL$5:$AL24)+SUMIF($Y$5:$Y24,U24,$AA$5:$AA24)+SUMIF($AC$5:$AC24,U24,$AE$5:$AE24))))),IF(AB24>0,AB24,0)) -> 0 | AA25: =IFERROR(IF(I25="",0,MAX(0,MIN(Z25,I25))),0) -> 0 | AB25: =IFERROR(Z25-AA25,0) -> 0 | AC25: =IF(X25=1,V24,IF(AF24>0,AC24,"")) | AD25: =IF(X25=1,MAX(0,MIN(Settings!$B$6-Z25,(IFERROR(VLOOKUP(V24,'Bucket Status'!$A$4:$B$75,2,FALSE()),0)-(SUMIF($U$5:$U24,V24,$AK$5:$AK24)+SUMIF($V$5:$V24,V24,$AL$5:$AL24)+SUMIF($Y$5:$Y24,V24,$AA$5:$AA24)+SUMIF($AC$5:$AC24,V24,$AE$5:$AE24))))),IF(AF24>0,AF24,0)) -> 0 | AE25: =IFERROR(IF(I25="",0,MAX(0,MIN(AD25,I25-AA25))),0) -> 0 | AF25: =IFERROR(AD25-AE25,0) -> 0 | AG25: =IFERROR(IF(C25="Y",Settings!$B$4+Settings!$B$5,0),0) -> 0 | AH25: =IFERROR(IF(U25="","",IFERROR(VLOOKUP(U25,'Bucket Status'!$A$4:$B$75,2,FALSE()),0)-(SUMIF($U$5:$U24,U25,$AK$5:$AK24)+SUMIF($V$5:$V24,U25,$AL$5:$AL24)+SUMIF($Y$5:$Y24,U25,$AA$5:$AA24)+SUMIF($AC$5:$AC24,U25,$AE$5:$AE24))),"") | AI25: =IFERROR(IF(V25="","",IFERROR(VLOOKUP(V25,'Bucket Status'!$A$4:$B$75,2,FALSE()),0)-(SUMIF($U$5:$U24,V25,$AK$5:$AK24)+SUMIF($V$5:$V24,V25,$AL$5:$AL24)+SUMIF($Y$5:$Y24,V25,$AA$5:$AA24)+SUMIF($AC$5:$AC24,V25,$AE$5:$AE24))),"") | AJ25: =IFERROR(IF(AH25="","",AH25+IF(AI25="",0,AI25)),"") | AK25: =IFERROR(IF(I25="","",IF(U25="",0,IF(V25="",(I25-AA25-AE25),MIN(AH25,(I25-AA25-AE25))))),"") | AL25: =IFERROR(IF(I25="","",IF(V25="",0,MAX(0,(I25-AA25-AE25)-AK25))),"")
I26: =IFERROR(IF(H26="","",H26+AG26),"") | J26: =IFERROR(IF(OR(I26="",AJ26=""),"",AJ26-(AK26+AL26)),"") | K26: =IF(AND(AA26>0,AE26>0),TEXT(AA26,"0.000")&" kg "&Y26&" (funnel)"&" + "&TEXT(AE26,"0.000")&" kg "&AC26&" (funnel)",IF(AA26>0,TEXT(AA26,"0.000")&" kg "&Y26&" (funnel)",IF(AE26>0,TEXT(AE26,"0.000")&" kg "&AC26&" (funnel)",""))) | L26: =IF(OR(AK26="",AK26=0,U26=""),"",TEXT(AK26,"0.000")&" kg "&U26) | M26: =IF(OR(AL26="",AL26=0,V26=""),"",TEXT(AL26,"0.000")&" kg "&V26) | N26: =IF(OR(I26="",U26=""),"",TEXT(MAX(0,(AH26-AK26-IF(Y26=U26,AA26,0)-IF(AC26=U26,AE26,0))),"0.000")&" kg "&U26) | O26: =IF(OR(I26="",V26=""),"",TEXT(MAX(0,(AI26-AL26-IF(Y26=V26,AA26,0)-IF(AC26=V26,AE26,0))),"0.000")&" kg "&V26) | Q26: =IF($A26="","",IF(D26="",Q25,D26)) | R26: =IF($A26="","",IF(E26="",R25,E26)) | S26: =IF($A26="","",IF(F26="",S25,F26)) | T26: =IF($A26="","",IF(G26="",T25,G26)) | U26: =IF(OR(Q26="",R26=""),"",Q26&R26&"-") | V26: =IF(OR(S26="",T26=""),"",S26&T26&"-") | W26: =IF(AND(U26<>"",U25<>"",U26<>U25),1,0) -> 0 | X26: =IF(AND(V26<>"",V25<>"",V26<>V25),1,0) -> 0 | Y26: =IF(W26=1,U25,IF(AB25>0,Y25,"")) | Z26: =IF(W26=1,MAX(0,MIN(Settings!$B$6,(IFERROR(VLOOKUP(U25,'Bucket Status'!$A$4:$B$75,2,FALSE()),0)-(SUMIF($U$5:$U25,U25,$AK$5:$AK25)+SUMIF($V$5:$V25,U25,$AL$5:$AL25)+SUMIF($Y$5:$Y25,U25,$AA$5:$AA25)+SUMIF($AC$5:$AC25,U25,$AE$5:$AE25))))),IF(AB25>0,AB25,0)) -> 0 | AA26: =IFERROR(IF(I26="",0,MAX(0,MIN(Z26,I26))),0) -> 0 | AB26: =IFERROR(Z26-AA26,0) -> 0 | AC26: =IF(X26=1,V25,IF(AF25>0,AC25,"")) | AD26: =IF(X26=1,MAX(0,MIN(Settings!$B$6-Z26,(IFERROR(VLOOKUP(V25,'Bucket Status'!$A$4:$B$75,2,FALSE()),0)-(SUMIF($U$5:$U25,V25,$AK$5:$AK25)+SUMIF($V$5:$V25,V25,$AL$5:$AL25)+SUMIF($Y$5:$Y25,V25,$AA$5:$AA25)+SUMIF($AC$5:$AC25,V25,$AE$5:$AE25))))),IF(AF25>0,AF25,0)) -> 0 | AE26: =IFERROR(IF(I26="",0,MAX(0,MIN(AD26,I26-AA26))),0) -> 0 | AF26: =IFERROR(AD26-AE26,0) -> 0 | AG26: =IFERROR(IF(C26="Y",Settings!$B$4+Settings!$B$5,0),0) -> 0 | AH26: =IFERROR(IF(U26="","",IFERROR(VLOOKUP(U26,'Bucket Status'!$A$4:$B$75,2,FALSE()),0)-(SUMIF($U$5:$U25,U26,$AK$5:$AK25)+SUMIF($V$5:$V25,U26,$AL$5:$AL25)+SUMIF($Y$5:$Y25,U26,$AA$5:$AA25)+SUMIF($AC$5:$AC25,U26,$AE$5:$AE25))),"") | AI26: =IFERROR(IF(V26="","",IFERROR(VLOOKUP(V26,'Bucket Status'!$A$4:$B$75,2,FALSE()),0)-(SUMIF($U$5:$U25,V26,$AK$5:$AK25)+SUMIF($V$5:$V25,V26,$AL$5:$AL25)+SUMIF($Y$5:$Y25,V26,$AA$5:$AA25)+SUMIF($AC$5:$AC25,V26,$AE$5:$AE25))),"") | AJ26: =IFERROR(IF(AH26="","",AH26+IF(AI26="",0,AI26)),"") | AK26: =IFERROR(IF(I26="","",IF(U26="",0,IF(V26="",(I26-AA26-AE26),MIN(AH26,(I26-AA26-AE26))))),"") | AL26: =IFERROR(IF(I26="","",IF(V26="",0,MAX(0,(I26-AA26-AE26)-AK26))),"")
I27: =IFERROR(IF(H27="","",H27+AG27),"") | J27: =IFERROR(IF(OR(I27="",AJ27=""),"",AJ27-(AK27+AL27)),"") | K27: =IF(AND(AA27>0,AE27>0),TEXT(AA27,"0.000")&" kg "&Y27&" (funnel)"&" + "&TEXT(AE27,"0.000")&" kg "&AC27&" (funnel)",IF(AA27>0,TEXT(AA27,"0.000")&" kg "&Y27&" (funnel)",IF(AE27>0,TEXT(AE27,"0.000")&" kg "&AC27&" (funnel)",""))) | L27: =IF(OR(AK27="",AK27=0,U27=""),"",TEXT(AK27,"0.000")&" kg "&U27) | M27: =IF(OR(AL27="",AL27=0,V27=""),"",TEXT(AL27,"0.000")&" kg "&V27) | N27: =IF(OR(I27="",U27=""),"",TEXT(MAX(0,(AH27-AK27-IF(Y27=U27,AA27,0)-IF(AC27=U27,AE27,0))),"0.000")&" kg "&U27) | O27: =IF(OR(I27="",V27=""),"",TEXT(MAX(0,(AI27-AL27-IF(Y27=V27,AA27,0)-IF(AC27=V27,AE27,0))),"0.000")&" kg "&V27) | Q27: =IF($A27="","",IF(D27="",Q26,D27)) | R27: =IF($A27="","",IF(E27="",R26,E27)) | S27: =IF($A27="","",IF(F27="",S26,F27)) | T27: =IF($A27="","",IF(G27="",T26,G27)) | U27: =IF(OR(Q27="",R27=""),"",Q27&R27&"-") | V27: =IF(OR(S27="",T27=""),"",S27&T27&"-") | W27: =IF(AND(U27<>"",U26<>"",U27<>U26),1,0) -> 0 | X27: =IF(AND(V27<>"",V26<>"",V27<>V26),1,0) -> 0 | Y27: =IF(W27=1,U26,IF(AB26>0,Y26,"")) | Z27: =IF(W27=1,MAX(0,MIN(Settings!$B$6,(IFERROR(VLOOKUP(U26,'Bucket Status'!$A$4:$B$75,2,FALSE()),0)-(SUMIF($U$5:$U26,U26,$AK$5:$AK26)+SUMIF($V$5:$V26,U26,$AL$5:$AL26)+SUMIF($Y$5:$Y26,U26,$AA$5:$AA26)+SUMIF($AC$5:$AC26,U26,$AE$5:$AE26))))),IF(AB26>0,AB26,0)) -> 0 | AA27: =IFERROR(IF(I27="",0,MAX(0,MIN(Z27,I27))),0) -> 0 | AB27: =IFERROR(Z27-AA27,0) -> 0 | AC27: =IF(X27=1,V26,IF(AF26>0,AC26,"")) | AD27: =IF(X27=1,MAX(0,MIN(Settings!$B$6-Z27,(IFERROR(VLOOKUP(V26,'Bucket Status'!$A$4:$B$75,2,FALSE()),0)-(SUMIF($U$5:$U26,V26,$AK$5:$AK26)+SUMIF($V$5:$V26,V26,$AL$5:$AL26)+SUMIF($Y$5:$Y26,V26,$AA$5:$AA26)+SUMIF($AC$5:$AC26,V26,$AE$5:$AE26))))),IF(AF26>0,AF26,0)) -> 0 | AE27: =IFERROR(IF(I27="",0,MAX(0,MIN(AD27,I27-AA27))),0) -> 0 | AF27: =IFERROR(AD27-AE27,0) -> 0 | AG27: =IFERROR(IF(C27="Y",Settings!$B$4+Settings!$B$5,0),0) -> 0 | AH27: =IFERROR(IF(U27="","",IFERROR(VLOOKUP(U27,'Bucket Status'!$A$4:$B$75,2,FALSE()),0)-(SUMIF($U$5:$U26,U27,$AK$5:$AK26)+SUMIF($V$5:$V26,U27,$AL$5:$AL26)+SUMIF($Y$5:$Y26,U27,$AA$5:$AA26)+SUMIF($AC$5:$AC26,U27,$AE$5:$AE26))),"") | AI27: =IFERROR(IF(V27="","",IFERROR(VLOOKUP(V27,'Bucket Status'!$A$4:$B$75,2,FALSE()),0)-(SUMIF($U$5:$U26,V27,$AK$5:$AK26)+SUMIF($V$5:$V26,V27,$AL$5:$AL26)+SUMIF($Y$5:$Y26,V27,$AA$5:$AA26)+SUMIF($AC$5:$AC26,V27,$AE$5:$AE26))),"") | AJ27: =IFERROR(IF(AH27="","",AH27+IF(AI27="",0,AI27)),"") | AK27: =IFERROR(IF(I27="","",IF(U27="",0,IF(V27="",(I27-AA27-AE27),MIN(AH27,(I27-AA27-AE27))))),"") | AL27: =IFERROR(IF(I27="","",IF(V27="",0,MAX(0,(I27-AA27-AE27)-AK27))),"")
I28: =IFERROR(IF(H28="","",H28+AG28),"") | J28: =IFERROR(IF(OR(I28="",AJ28=""),"",AJ28-(AK28+AL28)),"") | K28: =IF(AND(AA28>0,AE28>0),TEXT(AA28,"0.000")&" kg "&Y28&" (funnel)"&" + "&TEXT(AE28,"0.000")&" kg "&AC28&" (funnel)",IF(AA28>0,TEXT(AA28,"0.000")&" kg "&Y28&" (funnel)",IF(AE28>0,TEXT(AE28,"0.000")&" kg "&AC28&" (funnel)",""))) | L28: =IF(OR(AK28="",AK28=0,U28=""),"",TEXT(AK28,"0.000")&" kg "&U28) | M28: =IF(OR(AL28="",AL28=0,V28=""),"",TEXT(AL28,"0.000")&" kg "&V28) | N28: =IF(OR(I28="",U28=""),"",TEXT(MAX(0,(AH28-AK28-IF(Y28=U28,AA28,0)-IF(AC28=U28,AE28,0))),"0.000")&" kg "&U28) | O28: =IF(OR(I28="",V28=""),"",TEXT(MAX(0,(AI28-AL28-IF(Y28=V28,AA28,0)-IF(AC28=V28,AE28,0))),"0.000")&" kg "&V28) | Q28: =IF($A28="","",IF(D28="",Q27,D28)) | R28: =IF($A28="","",IF(E28="",R27,E28)) | S28: =IF($A28="","",IF(F28="",S27,F28)) | T28: =IF($A28="","",IF(G28="",T27,G28)) | U28: =IF(OR(Q28="",R28=""),"",Q28&R28&"-") | V28: =IF(OR(S28="",T28=""),"",S28&T28&"-") | W28: =IF(AND(U28<>"",U27<>"",U28<>U27),1,0) -> 0 | X28: =IF(AND(V28<>"",V27<>"",V28<>V27),1,0) -> 0 | Y28: =IF(W28=1,U27,IF(AB27>0,Y27,"")) | Z28: =IF(W28=1,MAX(0,MIN(Settings!$B$6,(IFERROR(VLOOKUP(U27,'Bucket Status'!$A$4:$B$75,2,FALSE()),0)-(SUMIF($U$5:$U27,U27,$AK$5:$AK27)+SUMIF($V$5:$V27,U27,$AL$5:$AL27)+SUMIF($Y$5:$Y27,U27,$AA$5:$AA27)+SUMIF($AC$5:$AC27,U27,$AE$5:$AE27))))),IF(AB27>0,AB27,0)) -> 0 | AA28: =IFERROR(IF(I28="",0,MAX(0,MIN(Z28,I28))),0) -> 0 | AB28: =IFERROR(Z28-AA28,0) -> 0 | AC28: =IF(X28=1,V27,IF(AF27>0,AC27,"")) | AD28: =IF(X28=1,MAX(0,MIN(Settings!$B$6-Z28,(IFERROR(VLOOKUP(V27,'Bucket Status'!$A$4:$B$75,2,FALSE()),0)-(SUMIF($U$5:$U27,V27,$AK$5:$AK27)+SUMIF($V$5:$V27,V27,$AL$5:$AL27)+SUMIF($Y$5:$Y27,V27,$AA$5:$AA27)+SUMIF($AC$5:$AC27,V27,$AE$5:$AE27))))),IF(AF27>0,AF27,0)) -> 0 | AE28: =IFERROR(IF(I28="",0,MAX(0,MIN(AD28,I28-AA28))),0) -> 0 | AF28: =IFERROR(AD28-AE28,0) -> 0 | AG28: =IFERROR(IF(C28="Y",Settings!$B$4+Settings!$B$5,0),0) -> 0 | AH28: =IFERROR(IF(U28="","",IFERROR(VLOOKUP(U28,'Bucket Status'!$A$4:$B$75,2,FALSE()),0)-(SUMIF($U$5:$U27,U28,$AK$5:$AK27)+SUMIF($V$5:$V27,U28,$AL$5:$AL27)+SUMIF($Y$5:$Y27,U28,$AA$5:$AA27)+SUMIF($AC$5:$AC27,U28,$AE$5:$AE27))),"") | AI28: =IFERROR(IF(V28="","",IFERROR(VLOOKUP(V28,'Bucket Status'!$A$4:$B$75,2,FALSE()),0)-(SUMIF($U$5:$U27,V28,$AK$5:$AK27)+SUMIF($V$5:$V27,V28,$AL$5:$AL27)+SUMIF($Y$5:$Y27,V28,$AA$5:$AA27)+SUMIF($AC$5:$AC27,V28,$AE$5:$AE27))),"") | AJ28: =IFERROR(IF(AH28="","",AH28+IF(AI28="",0,AI28)),"") | AK28: =IFERROR(IF(I28="","",IF(U28="",0,IF(V28="",(I28-AA28-AE28),MIN(AH28,(I28-AA28-AE28))))),"") | AL28: =IFERROR(IF(I28="","",IF(V28="",0,MAX(0,(I28-AA28-AE28)-AK28))),"")
I29: =IFERROR(IF(H29="","",H29+AG29),"") | J29: =IFERROR(IF(OR(I29="",AJ29=""),"",AJ29-(AK29+AL29)),"") | K29: =IF(AND(AA29>0,AE29>0),TEXT(AA29,"0.000")&" kg "&Y29&" (funnel)"&" + "&TEXT(AE29,"0.000")&" kg "&AC29&" (funnel)",IF(AA29>0,TEXT(AA29,"0.000")&" kg "&Y29&" (funnel)",IF(AE29>0,TEXT(AE29,"0.000")&" kg "&AC29&" (funnel)",""))) | L29: =IF(OR(AK29="",AK29=0,U29=""),"",TEXT(AK29,"0.000")&" kg "&U29) | M29: =IF(OR(AL29="",AL29=0,V29=""),"",TEXT(AL29,"0.000")&" kg "&V29) | N29: =IF(OR(I29="",U29=""),"",TEXT(MAX(0,(AH29-AK29-IF(Y29=U29,AA29,0)-IF(AC29=U29,AE29,0))),"0.000")&" kg "&U29) | O29: =IF(OR(I29="",V29=""),"",TEXT(MAX(0,(AI29-AL29-IF(Y29=V29,AA29,0)-IF(AC29=V29,AE29,0))),"0.000")&" kg "&V29) | Q29: =IF($A29="","",IF(D29="",Q28,D29)) | R29: =IF($A29="","",IF(E29="",R28,E29)) | S29: =IF($A29="","",IF(F29="",S28,F29)) | T29: =IF($A29="","",IF(G29="",T28,G29)) | U29: =IF(OR(Q29="",R29=""),"",Q29&R29&"-") | V29: =IF(OR(S29="",T29=""),"",S29&T29&"-") | W29: =IF(AND(U29<>"",U28<>"",U29<>U28),1,0) -> 0 | X29: =IF(AND(V29<>"",V28<>"",V29<>V28),1,0) -> 0 | Y29: =IF(W29=1,U28,IF(AB28>0,Y28,"")) | Z29: =IF(W29=1,MAX(0,MIN(Settings!$B$6,(IFERROR(VLOOKUP(U28,'Bucket Status'!$A$4:$B$75,2,FALSE()),0)-(SUMIF($U$5:$U28,U28,$AK$5:$AK28)+SUMIF($V$5:$V28,U28,$AL$5:$AL28)+SUMIF($Y$5:$Y28,U28,$AA$5:$AA28)+SUMIF($AC$5:$AC28,U28,$AE$5:$AE28))))),IF(AB28>0,AB28,0)) -> 0 | AA29: =IFERROR(IF(I29="",0,MAX(0,MIN(Z29,I29))),0) -> 0 | AB29: =IFERROR(Z29-AA29,0) -> 0 | AC29: =IF(X29=1,V28,IF(AF28>0,AC28,"")) | AD29: =IF(X29=1,MAX(0,MIN(Settings!$B$6-Z29,(IFERROR(VLOOKUP(V28,'Bucket Status'!$A$4:$B$75,2,FALSE()),0)-(SUMIF($U$5:$U28,V28,$AK$5:$AK28)+SUMIF($V$5:$V28,V28,$AL$5:$AL28)+SUMIF($Y$5:$Y28,V28,$AA$5:$AA28)+SUMIF($AC$5:$AC28,V28,$AE$5:$AE28))))),IF(AF28>0,AF28,0)) -> 0 | AE29: =IFERROR(IF(I29="",0,MAX(0,MIN(AD29,I29-AA29))),0) -> 0 | AF29: =IFERROR(AD29-AE29,0) -> 0 | AG29: =IFERROR(IF(C29="Y",Settings!$B$4+Settings!$B$5,0),0) -> 0 | AH29: =IFERROR(IF(U29="","",IFERROR(VLOOKUP(U29,'Bucket Status'!$A$4:$B$75,2,FALSE()),0)-(SUMIF($U$5:$U28,U29,$AK$5:$AK28)+SUMIF($V$5:$V28,U29,$AL$5:$AL28)+SUMIF($Y$5:$Y28,U29,$AA$5:$AA28)+SUMIF($AC$5:$AC28,U29,$AE$5:$AE28))),"") | AI29: =IFERROR(IF(V29="","",IFERROR(VLOOKUP(V29,'Bucket Status'!$A$4:$B$75,2,FALSE()),0)-(SUMIF($U$5:$U28,V29,$AK$5:$AK28)+SUMIF($V$5:$V28,V29,$AL$5:$AL28)+SUMIF($Y$5:$Y28,V29,$AA$5:$AA28)+SUMIF($AC$5:$AC28,V29,$AE$5:$AE28))),"") | AJ29: =IFERROR(IF(AH29="","",AH29+IF(AI29="",0,AI29)),"") | AK29: =IFERROR(IF(I29="","",IF(U29="",0,IF(V29="",(I29-AA29-AE29),MIN(AH29,(I29-AA29-AE29))))),"") | AL29: =IFERROR(IF(I29="","",IF(V29="",0,MAX(0,(I29-AA29-AE29)-AK29))),"")
I30: =IFERROR(IF(H30="","",H30+AG30),"") | J30: =IFERROR(IF(OR(I30="",AJ30=""),"",AJ30-(AK30+AL30)),"") | K30: =IF(AND(AA30>0,AE30>0),TEXT(AA30,"0.000")&" kg "&Y30&" (funnel)"&" + "&TEXT(AE30,"0.000")&" kg "&AC30&" (funnel)",IF(AA30>0,TEXT(AA30,"0.000")&" kg "&Y30&" (funnel)",IF(AE30>0,TEXT(AE30,"0.000")&" kg "&AC30&" (funnel)",""))) | L30: =IF(OR(AK30="",AK30=0,U30=""),"",TEXT(AK30,"0.000")&" kg "&U30) | M30: =IF(OR(AL30="",AL30=0,V30=""),"",TEXT(AL30,"0.000")&" kg "&V30) | N30: =IF(OR(I30="",U30=""),"",TEXT(MAX(0,(AH30-AK30-IF(Y30=U30,AA30,0)-IF(AC30=U30,AE30,0))),"0.000")&" kg "&U30) | O30: =IF(OR(I30="",V30=""),"",TEXT(MAX(0,(AI30-AL30-IF(Y30=V30,AA30,0)-IF(AC30=V30,AE30,0))),"0.000")&" kg "&V30) | Q30: =IF($A30="","",IF(D30="",Q29,D30)) | R30: =IF($A30="","",IF(E30="",R29,E30)) | S30: =IF($A30="","",IF(F30="",S29,F30)) | T30: =IF($A30="","",IF(G30="",T29,G30)) | U30: =IF(OR(Q30="",R30=""),"",Q30&R30&"-") | V30: =IF(OR(S30="",T30=""),"",S30&T30&"-") | W30: =IF(AND(U30<>"",U29<>"",U30<>U29),1,0) -> 0 | X30: =IF(AND(V30<>"",V29<>"",V30<>V29),1,0) -> 0 | Y30: =IF(W30=1,U29,IF(AB29>0,Y29,"")) | Z30: =IF(W30=1,MAX(0,MIN(Settings!$B$6,(IFERROR(VLOOKUP(U29,'Bucket Status'!$A$4:$B$75,2,FALSE()),0)-(SUMIF($U$5:$U29,U29,$AK$5:$AK29)+SUMIF($V$5:$V29,U29,$AL$5:$AL29)+SUMIF($Y$5:$Y29,U29,$AA$5:$AA29)+SUMIF($AC$5:$AC29,U29,$AE$5:$AE29))))),IF(AB29>0,AB29,0)) -> 0 | AA30: =IFERROR(IF(I30="",0,MAX(0,MIN(Z30,I30))),0) -> 0 | AB30: =IFERROR(Z30-AA30,0) -> 0 | AC30: =IF(X30=1,V29,IF(AF29>0,AC29,"")) | AD30: =IF(X30=1,MAX(0,MIN(Settings!$B$6-Z30,(IFERROR(VLOOKUP(V29,'Bucket Status'!$A$4:$B$75,2,FALSE()),0)-(SUMIF($U$5:$U29,V29,$AK$5:$AK29)+SUMIF($V$5:$V29,V29,$AL$5:$AL29)+SUMIF($Y$5:$Y29,V29,$AA$5:$AA29)+SUMIF($AC$5:$AC29,V29,$AE$5:$AE29))))),IF(AF29>0,AF29,0)) -> 0 | AE30: =IFERROR(IF(I30="",0,MAX(0,MIN(AD30,I30-AA30))),0) -> 0 | AF30: =IFERROR(AD30-AE30,0) -> 0 | AG30: =IFERROR(IF(C30="Y",Settings!$B$4+Settings!$B$5,0),0) -> 0 | AH30: =IFERROR(IF(U30="","",IFERROR(VLOOKUP(U30,'Bucket Status'!$A$4:$B$75,2,FALSE()),0)-(SUMIF($U$5:$U29,U30,$AK$5:$AK29)+SUMIF($V$5:$V29,U30,$AL$5:$AL29)+SUMIF($Y$5:$Y29,U30,$AA$5:$AA29)+SUMIF($AC$5:$AC29,U30,$AE$5:$AE29))),"") | AI30: =IFERROR(IF(V30="","",IFERROR(VLOOKUP(V30,'Bucket Status'!$A$4:$B$75,2,FALSE()),0)-(SUMIF($U$5:$U29,V30,$AK$5:$AK29)+SUMIF($V$5:$V29,V30,$AL$5:$AL29)+SUMIF($Y$5:$Y29,V30,$AA$5:$AA29)+SUMIF($AC$5:$AC29,V30,$AE$5:$AE29))),"") | AJ30: =IFERROR(IF(AH30="","",AH30+IF(AI30="",0,AI30)),"") | AK30: =IFERROR(IF(I30="","",IF(U30="",0,IF(V30="",(I30-AA30-AE30),MIN(AH30,(I30-AA30-AE30))))),"") | AL30: =IFERROR(IF(I30="","",IF(V30="",0,MAX(0,(I30-AA30-AE30)-AK30))),"")
I31: =IFERROR(IF(H31="","",H31+AG31),"") | J31: =IFERROR(IF(OR(I31="",AJ31=""),"",AJ31-(AK31+AL31)),"") | K31: =IF(AND(AA31>0,AE31>0),TEXT(AA31,"0.000")&" kg "&Y31&" (funnel)"&" + "&TEXT(AE31,"0.000")&" kg "&AC31&" (funnel)",IF(AA31>0,TEXT(AA31,"0.000")&" kg "&Y31&" (funnel)",IF(AE31>0,TEXT(AE31,"0.000")&" kg "&AC31&" (funnel)",""))) | L31: =IF(OR(AK31="",AK31=0,U31=""),"",TEXT(AK31,"0.000")&" kg "&U31) | M31: =IF(OR(AL31="",AL31=0,V31=""),"",TEXT(AL31,"0.000")&" kg "&V31) | N31: =IF(OR(I31="",U31=""),"",TEXT(MAX(0,(AH31-AK31-IF(Y31=U31,AA31,0)-IF(AC31=U31,AE31,0))),"0.000")&" kg "&U31) | O31: =IF(OR(I31="",V31=""),"",TEXT(MAX(0,(AI31-AL31-IF(Y31=V31,AA31,0)-IF(AC31=V31,AE31,0))),"0.000")&" kg "&V31) | Q31: =IF($A31="","",IF(D31="",Q30,D31)) | R31: =IF($A31="","",IF(E31="",R30,E31)) | S31: =IF($A31="","",IF(F31="",S30,F31)) | T31: =IF($A31="","",IF(G31="",T30,G31)) | U31: =IF(OR(Q31="",R31=""),"",Q31&R31&"-") | V31: =IF(OR(S31="",T31=""),"",S31&T31&"-") | W31: =IF(AND(U31<>"",U30<>"",U31<>U30),1,0) -> 0 | X31: =IF(AND(V31<>"",V30<>"",V31<>V30),1,0) -> 0 | Y31: =IF(W31=1,U30,IF(AB30>0,Y30,"")) | Z31: =IF(W31=1,MAX(0,MIN(Settings!$B$6,(IFERROR(VLOOKUP(U30,'Bucket Status'!$A$4:$B$75,2,FALSE()),0)-(SUMIF($U$5:$U30,U30,$AK$5:$AK30)+SUMIF($V$5:$V30,U30,$AL$5:$AL30)+SUMIF($Y$5:$Y30,U30,$AA$5:$AA30)+SUMIF($AC$5:$AC30,U30,$AE$5:$AE30))))),IF(AB30>0,AB30,0)) -> 0 | AA31: =IFERROR(IF(I31="",0,MAX(0,MIN(Z31,I31))),0) -> 0 | AB31: =IFERROR(Z31-AA31,0) -> 0 | AC31: =IF(X31=1,V30,IF(AF30>0,AC30,"")) | AD31: =IF(X31=1,MAX(0,MIN(Settings!$B$6-Z31,(IFERROR(VLOOKUP(V30,'Bucket Status'!$A$4:$B$75,2,FALSE()),0)-(SUMIF($U$5:$U30,V30,$AK$5:$AK30)+SUMIF($V$5:$V30,V30,$AL$5:$AL30)+SUMIF($Y$5:$Y30,V30,$AA$5:$AA30)+SUMIF($AC$5:$AC30,V30,$AE$5:$AE30))))),IF(AF30>0,AF30,0)) -> 0 | AE31: =IFERROR(IF(I31="",0,MAX(0,MIN(AD31,I31-AA31))),0) -> 0 | AF31: =IFERROR(AD31-AE31,0) -> 0 | AG31: =IFERROR(IF(C31="Y",Settings!$B$4+Settings!$B$5,0),0) -> 0 | AH31: =IFERROR(IF(U31="","",IFERROR(VLOOKUP(U31,'Bucket Status'!$A$4:$B$75,2,FALSE()),0)-(SUMIF($U$5:$U30,U31,$AK$5:$AK30)+SUMIF($V$5:$V30,U31,$AL$5:$AL30)+SUMIF($Y$5:$Y30,U31,$AA$5:$AA30)+SUMIF($AC$5:$AC30,U31,$AE$5:$AE30))),"") | AI31: =IFERROR(IF(V31="","",IFERROR(VLOOKUP(V31,'Bucket Status'!$A$4:$B$75,2,FALSE()),0)-(SUMIF($U$5:$U30,V31,$AK$5:$AK30)+SUMIF($V$5:$V30,V31,$AL$5:$AL30)+SUMIF($Y$5:$Y30,V31,$AA$5:$AA30)+SUMIF($AC$5:$AC30,V31,$AE$5:$AE30))),"") | AJ31: =IFERROR(IF(AH31="","",AH31+IF(AI31="",0,AI31)),"") | AK31: =IFERROR(IF(I31="","",IF(U31="",0,IF(V31="",(I31-AA31-AE31),MIN(AH31,(I31-AA31-AE31))))),"") | AL31: =IFERROR(IF(I31="","",IF(V31="",0,MAX(0,(I31-AA31-AE31)-AK31))),"")
I32: =IFERROR(IF(H32="","",H32+AG32),"") | J32: =IFERROR(IF(OR(I32="",AJ32=""),"",AJ32-(AK32+AL32)),"") | K32: =IF(AND(AA32>0,AE32>0),TEXT(AA32,"0.000")&" kg "&Y32&" (funnel)"&" + "&TEXT(AE32,"0.000")&" kg "&AC32&" (funnel)",IF(AA32>0,TEXT(AA32,"0.000")&" kg "&Y32&" (funnel)",IF(AE32>0,TEXT(AE32,"0.000")&" kg "&AC32&" (funnel)",""))) | L32: =IF(OR(AK32="",AK32=0,U32=""),"",TEXT(AK32,"0.000")&" kg "&U32) | M32: =IF(OR(AL32="",AL32=0,V32=""),"",TEXT(AL32,"0.000")&" kg "&V32) | N32: =IF(OR(I32="",U32=""),"",TEXT(MAX(0,(AH32-AK32-IF(Y32=U32,AA32,0)-IF(AC32=U32,AE32,0))),"0.000")&" kg "&U32) | O32: =IF(OR(I32="",V32=""),"",TEXT(MAX(0,(AI32-AL32-IF(Y32=V32,AA32,0)-IF(AC32=V32,AE32,0))),"0.000")&" kg "&V32) | Q32: =IF($A32="","",IF(D32="",Q31,D32)) | R32: =IF($A32="","",IF(E32="",R31,E32)) | S32: =IF($A32="","",IF(F32="",S31,F32)) | T32: =IF($A32="","",IF(G32="",T31,G32)) | U32: =IF(OR(Q32="",R32=""),"",Q32&R32&"-") | V32: =IF(OR(S32="",T32=""),"",S32&T32&"-") | W32: =IF(AND(U32<>"",U31<>"",U32<>U31),1,0) -> 0 | X32: =IF(AND(V32<>"",V31<>"",V32<>V31),1,0) -> 0 | Y32: =IF(W32=1,U31,IF(AB31>0,Y31,"")) | Z32: =IF(W32=1,MAX(0,MIN(Settings!$B$6,(IFERROR(VLOOKUP(U31,'Bucket Status'!$A$4:$B$75,2,FALSE()),0)-(SUMIF($U$5:$U31,U31,$AK$5:$AK31)+SUMIF($V$5:$V31,U31,$AL$5:$AL31)+SUMIF($Y$5:$Y31,U31,$AA$5:$AA31)+SUMIF($AC$5:$AC31,U31,$AE$5:$AE31))))),IF(AB31>0,AB31,0)) -> 0 | AA32: =IFERROR(IF(I32="",0,MAX(0,MIN(Z32,I32))),0) -> 0 | AB32: =IFERROR(Z32-AA32,0) -> 0 | AC32: =IF(X32=1,V31,IF(AF31>0,AC31,"")) | AD32: =IF(X32=1,MAX(0,MIN(Settings!$B$6-Z32,(IFERROR(VLOOKUP(V31,'Bucket Status'!$A$4:$B$75,2,FALSE()),0)-(SUMIF($U$5:$U31,V31,$AK$5:$AK31)+SUMIF($V$5:$V31,V31,$AL$5:$AL31)+SUMIF($Y$5:$Y31,V31,$AA$5:$AA31)+SUMIF($AC$5:$AC31,V31,$AE$5:$AE31))))),IF(AF31>0,AF31,0)) -> 0 | AE32: =IFERROR(IF(I32="",0,MAX(0,MIN(AD32,I32-AA32))),0) -> 0 | AF32: =IFERROR(AD32-AE32,0) -> 0 | AG32: =IFERROR(IF(C32="Y",Settings!$B$4+Settings!$B$5,0),0) -> 0 | AH32: =IFERROR(IF(U32="","",IFERROR(VLOOKUP(U32,'Bucket Status'!$A$4:$B$75,2,FALSE()),0)-(SUMIF($U$5:$U31,U32,$AK$5:$AK31)+SUMIF($V$5:$V31,U32,$AL$5:$AL31)+SUMIF($Y$5:$Y31,U32,$AA$5:$AA31)+SUMIF($AC$5:$AC31,U32,$AE$5:$AE31))),"") | AI32: =IFERROR(IF(V32="","",IFERROR(VLOOKUP(V32,'Bucket Status'!$A$4:$B$75,2,FALSE()),0)-(SUMIF($U$5:$U31,V32,$AK$5:$AK31)+SUMIF($V$5:$V31,V32,$AL$5:$AL31)+SUMIF($Y$5:$Y31,V32,$AA$5:$AA31)+SUMIF($AC$5:$AC31,V32,$AE$5:$AE31))),"") | AJ32: =IFERROR(IF(AH32="","",AH32+IF(AI32="",0,AI32)),"") | AK32: =IFERROR(IF(I32="","",IF(U32="",0,IF(V32="",(I32-AA32-AE32),MIN(AH32,(I32-AA32-AE32))))),"") | AL32: =IFERROR(IF(I32="","",IF(V32="",0,MAX(0,(I32-AA32-AE32)-AK32))),"")
I33: =IFERROR(IF(H33="","",H33+AG33),"") | J33: =IFERROR(IF(OR(I33="",AJ33=""),"",AJ33-(AK33+AL33)),"") | K33: =IF(AND(AA33>0,AE33>0),TEXT(AA33,"0.000")&" kg "&Y33&" (funnel)"&" + "&TEXT(AE33,"0.000")&" kg "&AC33&" (funnel)",IF(AA33>0,TEXT(AA33,"0.000")&" kg "&Y33&" (funnel)",IF(AE33>0,TEXT(AE33,"0.000")&" kg "&AC33&" (funnel)",""))) | L33: =IF(OR(AK33="",AK33=0,U33=""),"",TEXT(AK33,"0.000")&" kg "&U33) | M33: =IF(OR(AL33="",AL33=0,V33=""),"",TEXT(AL33,"0.000")&" kg "&V33) | N33: =IF(OR(I33="",U33=""),"",TEXT(MAX(0,(AH33-AK33-IF(Y33=U33,AA33,0)-IF(AC33=U33,AE33,0))),"0.000")&" kg "&U33) | O33: =IF(OR(I33="",V33=""),"",TEXT(MAX(0,(AI33-AL33-IF(Y33=V33,AA33,0)-IF(AC33=V33,AE33,0))),"0.000")&" kg "&V33) | Q33: =IF($A33="","",IF(D33="",Q32,D33)) | R33: =IF($A33="","",IF(E33="",R32,E33)) | S33: =IF($A33="","",IF(F33="",S32,F33)) | T33: =IF($A33="","",IF(G33="",T32,G33)) | U33: =IF(OR(Q33="",R33=""),"",Q33&R33&"-") | V33: =IF(OR(S33="",T33=""),"",S33&T33&"-") | W33: =IF(AND(U33<>"",U32<>"",U33<>U32),1,0) -> 0 | X33: =IF(AND(V33<>"",V32<>"",V33<>V32),1,0) -> 0 | Y33: =IF(W33=1,U32,IF(AB32>0,Y32,"")) | Z33: =IF(W33=1,MAX(0,MIN(Settings!$B$6,(IFERROR(VLOOKUP(U32,'Bucket Status'!$A$4:$B$75,2,FALSE()),0)-(SUMIF($U$5:$U32,U32,$AK$5:$AK32)+SUMIF($V$5:$V32,U32,$AL$5:$AL32)+SUMIF($Y$5:$Y32,U32,$AA$5:$AA32)+SUMIF($AC$5:$AC32,U32,$AE$5:$AE32))))),IF(AB32>0,AB32,0)) -> 0 | AA33: =IFERROR(IF(I33="",0,MAX(0,MIN(Z33,I33))),0) -> 0 | AB33: =IFERROR(Z33-AA33,0) -> 0 | AC33: =IF(X33=1,V32,IF(AF32>0,AC32,"")) | AD33: =IF(X33=1,MAX(0,MIN(Settings!$B$6-Z33,(IFERROR(VLOOKUP(V32,'Bucket Status'!$A$4:$B$75,2,FALSE()),0)-(SUMIF($U$5:$U32,V32,$AK$5:$AK32)+SUMIF($V$5:$V32,V32,$AL$5:$AL32)+SUMIF($Y$5:$Y32,V32,$AA$5:$AA32)+SUMIF($AC$5:$AC32,V32,$AE$5:$AE32))))),IF(AF32>0,AF32,0)) -> 0 | AE33: =IFERROR(IF(I33="",0,MAX(0,MIN(AD33,I33-AA33))),0) -> 0 | AF33: =IFERROR(AD33-AE33,0) -> 0 | AG33: =IFERROR(IF(C33="Y",Settings!$B$4+Settings!$B$5,0),0) -> 0 | AH33: =IFERROR(IF(U33="","",IFERROR(VLOOKUP(U33,'Bucket Status'!$A$4:$B$75,2,FALSE()),0)-(SUMIF($U$5:$U32,U33,$AK$5:$AK32)+SUMIF($V$5:$V32,U33,$AL$5:$AL32)+SUMIF($Y$5:$Y32,U33,$AA$5:$AA32)+SUMIF($AC$5:$AC32,U33,$AE$5:$AE32))),"") | AI33: =IFERROR(IF(V33="","",IFERROR(VLOOKUP(V33,'Bucket Status'!$A$4:$B$75,2,FALSE()),0)-(SUMIF($U$5:$U32,V33,$AK$5:$AK32)+SUMIF($V$5:$V32,V33,$AL$5:$AL32)+SUMIF($Y$5:$Y32,V33,$AA$5:$AA32)+SUMIF($AC$5:$AC32,V33,$AE$5:$AE32))),"") | AJ33: =IFERROR(IF(AH33="","",AH33+IF(AI33="",0,AI33)),"") | AK33: =IFERROR(IF(I33="","",IF(U33="",0,IF(V33="",(I33-AA33-AE33),MIN(AH33,(I33-AA33-AE33))))),"") | AL33: =IFERROR(IF(I33="","",IF(V33="",0,MAX(0,(I33-AA33-AE33)-AK33))),"")
I34: =IFERROR(IF(H34="","",H34+AG34),"") | J34: =IFERROR(IF(OR(I34="",AJ34=""),"",AJ34-(AK34+AL34)),"") | K34: =IF(AND(AA34>0,AE34>0),TEXT(AA34,"0.000")&" kg "&Y34&" (funnel)"&" + "&TEXT(AE34,"0.000")&" kg "&AC34&" (funnel)",IF(AA34>0,TEXT(AA34,"0.000")&" kg "&Y34&" (funnel)",IF(AE34>0,TEXT(AE34,"0.000")&" kg "&AC34&" (funnel)",""))) | L34: =IF(OR(AK34="",AK34=0,U34=""),"",TEXT(AK34,"0.000")&" kg "&U34) | M34: =IF(OR(AL34="",AL34=0,V34=""),"",TEXT(AL34,"0.000")&" kg "&V34) | N34: =IF(OR(I34="",U34=""),"",TEXT(MAX(0,(AH34-AK34-IF(Y34=U34,AA34,0)-IF(AC34=U34,AE34,0))),"0.000")&" kg "&U34) | O34: =IF(OR(I34="",V34=""),"",TEXT(MAX(0,(AI34-AL34-IF(Y34=V34,AA34,0)-IF(AC34=V34,AE34,0))),"0.000")&" kg "&V34) | Q34: =IF($A34="","",IF(D34="",Q33,D34)) | R34: =IF($A34="","",IF(E34="",R33,E34)) | S34: =IF($A34="","",IF(F34="",S33,F34)) | T34: =IF($A34="","",IF(G34="",T33,G34)) | U34: =IF(OR(Q34="",R34=""),"",Q34&R34&"-") | V34: =IF(OR(S34="",T34=""),"",S34&T34&"-") | W34: =IF(AND(U34<>"",U33<>"",U34<>U33),1,0) -> 0 | X34: =IF(AND(V34<>"",V33<>"",V34<>V33),1,0) -> 0 | Y34: =IF(W34=1,U33,IF(AB33>0,Y33,"")) | Z34: =IF(W34=1,MAX(0,MIN(Settings!$B$6,(IFERROR(VLOOKUP(U33,'Bucket Status'!$A$4:$B$75,2,FALSE()),0)-(SUMIF($U$5:$U33,U33,$AK$5:$AK33)+SUMIF($V$5:$V33,U33,$AL$5:$AL33)+SUMIF($Y$5:$Y33,U33,$AA$5:$AA33)+SUMIF($AC$5:$AC33,U33,$AE$5:$AE33))))),IF(AB33>0,AB33,0)) -> 0 | AA34: =IFERROR(IF(I34="",0,MAX(0,MIN(Z34,I34))),0) -> 0 | AB34: =IFERROR(Z34-AA34,0) -> 0 | AC34: =IF(X34=1,V33,IF(AF33>0,AC33,"")) | AD34: =IF(X34=1,MAX(0,MIN(Settings!$B$6-Z34,(IFERROR(VLOOKUP(V33,'Bucket Status'!$A$4:$B$75,2,FALSE()),0)-(SUMIF($U$5:$U33,V33,$AK$5:$AK33)+SUMIF($V$5:$V33,V33,$AL$5:$AL33)+SUMIF($Y$5:$Y33,V33,$AA$5:$AA33)+SUMIF($AC$5:$AC33,V33,$AE$5:$AE33))))),IF(AF33>0,AF33,0)) -> 0 | AE34: =IFERROR(IF(I34="",0,MAX(0,MIN(AD34,I34-AA34))),0) -> 0 | AF34: =IFERROR(AD34-AE34,0) -> 0 | AG34: =IFERROR(IF(C34="Y",Settings!$B$4+Settings!$B$5,0),0) -> 0 | AH34: =IFERROR(IF(U34="","",IFERROR(VLOOKUP(U34,'Bucket Status'!$A$4:$B$75,2,FALSE()),0)-(SUMIF($U$5:$U33,U34,$AK$5:$AK33)+SUMIF($V$5:$V33,U34,$AL$5:$AL33)+SUMIF($Y$5:$Y33,U34,$AA$5:$AA33)+SUMIF($AC$5:$AC33,U34,$AE$5:$AE33))),"") | AI34: =IFERROR(IF(V34="","",IFERROR(VLOOKUP(V34,'Bucket Status'!$A$4:$B$75,2,FALSE()),0)-(SUMIF($U$5:$U33,V34,$AK$5:$AK33)+SUMIF($V$5:$V33,V34,$AL$5:$AL33)+SUMIF($Y$5:$Y33,V34,$AA$5:$AA33)+SUMIF($AC$5:$AC33,V34,$AE$5:$AE33))),"") | AJ34: =IFERROR(IF(AH34="","",AH34+IF(AI34="",0,AI34)),"") | AK34: =IFERROR(IF(I34="","",IF(U34="",0,IF(V34="",(I34-AA34-AE34),MIN(AH34,(I34-AA34-AE34))))),"") | AL34: =IFERROR(IF(I34="","",IF(V34="",0,MAX(0,(I34-AA34-AE34)-AK34))),"")
I35: =IFERROR(IF(H35="","",H35+AG35),"") | J35: =IFERROR(IF(OR(I35="",AJ35=""),"",AJ35-(AK35+AL35)),"") | K35: =IF(AND(AA35>0,AE35>0),TEXT(AA35,"0.000")&" kg "&Y35&" (funnel)"&" + "&TEXT(AE35,"0.000")&" kg "&AC35&" (funnel)",IF(AA35>0,TEXT(AA35,"0.000")&" kg "&Y35&" (funnel)",IF(AE35>0,TEXT(AE35,"0.000")&" kg "&AC35&" (funnel)",""))) | L35: =IF(OR(AK35="",AK35=0,U35=""),"",TEXT(AK35,"0.000")&" kg "&U35) | M35: =IF(OR(AL35="",AL35=0,V35=""),"",TEXT(AL35,"0.000")&" kg "&V35) | N35: =IF(OR(I35="",U35=""),"",TEXT(MAX(0,(AH35-AK35-IF(Y35=U35,AA35,0)-IF(AC35=U35,AE35,0))),"0.000")&" kg "&U35) | O35: =IF(OR(I35="",V35=""),"",TEXT(MAX(0,(AI35-AL35-IF(Y35=V35,AA35,0)-IF(AC35=V35,AE35,0))),"0.000")&" kg "&V35) | Q35: =IF($A35="","",IF(D35="",Q34,D35)) | R35: =IF($A35="","",IF(E35="",R34,E35)) | S35: =IF($A35="","",IF(F35="",S34,F35)) | T35: =IF($A35="","",IF(G35="",T34,G35)) | U35: =IF(OR(Q35="",R35=""),"",Q35&R35&"-") | V35: =IF(OR(S35="",T35=""),"",S35&T35&"-") | W35: =IF(AND(U35<>"",U34<>"",U35<>U34),1,0) -> 0 | X35: =IF(AND(V35<>"",V34<>"",V35<>V34),1,0) -> 0 | Y35: =IF(W35=1,U34,IF(AB34>0,Y34,"")) | Z35: =IF(W35=1,MAX(0,MIN(Settings!$B$6,(IFERROR(VLOOKUP(U34,'Bucket Status'!$A$4:$B$75,2,FALSE()),0)-(SUMIF($U$5:$U34,U34,$AK$5:$AK34)+SUMIF($V$5:$V34,U34,$AL$5:$AL34)+SUMIF($Y$5:$Y34,U34,$AA$5:$AA34)+SUMIF($AC$5:$AC34,U34,$AE$5:$AE34))))),IF(AB34>0,AB34,0)) -> 0 | AA35: =IFERROR(IF(I35="",0,MAX(0,MIN(Z35,I35))),0) -> 0 | AB35: =IFERROR(Z35-AA35,0) -> 0 | AC35: =IF(X35=1,V34,IF(AF34>0,AC34,"")) | AD35: =IF(X35=1,MAX(0,MIN(Settings!$B$6-Z35,(IFERROR(VLOOKUP(V34,'Bucket Status'!$A$4:$B$75,2,FALSE()),0)-(SUMIF($U$5:$U34,V34,$AK$5:$AK34)+SUMIF($V$5:$V34,V34,$AL$5:$AL34)+SUMIF($Y$5:$Y34,V34,$AA$5:$AA34)+SUMIF($AC$5:$AC34,V34,$AE$5:$AE34))))),IF(AF34>0,AF34,0)) -> 0 | AE35: =IFERROR(IF(I35="",0,MAX(0,MIN(AD35,I35-AA35))),0) -> 0 | AF35: =IFERROR(AD35-AE35,0) -> 0 | AG35: =IFERROR(IF(C35="Y",Settings!$B$4+Settings!$B$5,0),0) -> 0 | AH35: =IFERROR(IF(U35="","",IFERROR(VLOOKUP(U35,'Bucket Status'!$A$4:$B$75,2,FALSE()),0)-(SUMIF($U$5:$U34,U35,$AK$5:$AK34)+SUMIF($V$5:$V34,U35,$AL$5:$AL34)+SUMIF($Y$5:$Y34,U35,$AA$5:$AA34)+SUMIF($AC$5:$AC34,U35,$AE$5:$AE34))),"") | AI35: =IFERROR(IF(V35="","",IFERROR(VLOOKUP(V35,'Bucket Status'!$A$4:$B$75,2,FALSE()),0)-(SUMIF($U$5:$U34,V35,$AK$5:$AK34)+SUMIF($V$5:$V34,V35,$AL$5:$AL34)+SUMIF($Y$5:$Y34,V35,$AA$5:$AA34)+SUMIF($AC$5:$AC34,V35,$AE$5:$AE34))),"") | AJ35: =IFERROR(IF(AH35="","",AH35+IF(AI35="",0,AI35)),"") | AK35: =IFERROR(IF(I35="","",IF(U35="",0,IF(V35="",(I35-AA35-AE35),MIN(AH35,(I35-AA35-AE35))))),"") | AL35: =IFERROR(IF(I35="","",IF(V35="",0,MAX(0,(I35-AA35-AE35)-AK35))),"")
I36: =IFERROR(IF(H36="","",H36+AG36),"") | J36: =IFERROR(IF(OR(I36="",AJ36=""),"",AJ36-(AK36+AL36)),"") | K36: =IF(AND(AA36>0,AE36>0),TEXT(AA36,"0.000")&" kg "&Y36&" (funnel)"&" + "&TEXT(AE36,"0.000")&" kg "&AC36&" (funnel)",IF(AA36>0,TEXT(AA36,"0.000")&" kg "&Y36&" (funnel)",IF(AE36>0,TEXT(AE36,"0.000")&" kg "&AC36&" (funnel)",""))) | L36: =IF(OR(AK36="",AK36=0,U36=""),"",TEXT(AK36,"0.000")&" kg "&U36) | M36: =IF(OR(AL36="",AL36=0,V36=""),"",TEXT(AL36,"0.000")&" kg "&V36) | N36: =IF(OR(I36="",U36=""),"",TEXT(MAX(0,(AH36-AK36-IF(Y36=U36,AA36,0)-IF(AC36=U36,AE36,0))),"0.000")&" kg "&U36) | O36: =IF(OR(I36="",V36=""),"",TEXT(MAX(0,(AI36-AL36-IF(Y36=V36,AA36,0)-IF(AC36=V36,AE36,0))),"0.000")&" kg "&V36) | Q36: =IF($A36="","",IF(D36="",Q35,D36)) | R36: =IF($A36="","",IF(E36="",R35,E36)) | S36: =IF($A36="","",IF(F36="",S35,F36)) | T36: =IF($A36="","",IF(G36="",T35,G36)) | U36: =IF(OR(Q36="",R36=""),"",Q36&R36&"-") | V36: =IF(OR(S36="",T36=""),"",S36&T36&"-") | W36: =IF(AND(U36<>"",U35<>"",U36<>U35),1,0) -> 0 | X36: =IF(AND(V36<>"",V35<>"",V36<>V35),1,0) -> 0 | Y36: =IF(W36=1,U35,IF(AB35>0,Y35,"")) | Z36: =IF(W36=1,MAX(0,MIN(Settings!$B$6,(IFERROR(VLOOKUP(U35,'Bucket Status'!$A$4:$B$75,2,FALSE()),0)-(SUMIF($U$5:$U35,U35,$AK$5:$AK35)+SUMIF($V$5:$V35,U35,$AL$5:$AL35)+SUMIF($Y$5:$Y35,U35,$AA$5:$AA35)+SUMIF($AC$5:$AC35,U35,$AE$5:$AE35))))),IF(AB35>0,AB35,0)) -> 0 | AA36: =IFERROR(IF(I36="",0,MAX(0,MIN(Z36,I36))),0) -> 0 | AB36: =IFERROR(Z36-AA36,0) -> 0 | AC36: =IF(X36=1,V35,IF(AF35>0,AC35,"")) | AD36: =IF(X36=1,MAX(0,MIN(Settings!$B$6-Z36,(IFERROR(VLOOKUP(V35,'Bucket Status'!$A$4:$B$75,2,FALSE()),0)-(SUMIF($U$5:$U35,V35,$AK$5:$AK35)+SUMIF($V$5:$V35,V35,$AL$5:$AL35)+SUMIF($Y$5:$Y35,V35,$AA$5:$AA35)+SUMIF($AC$5:$AC35,V35,$AE$5:$AE35))))),IF(AF35>0,AF35,0)) -> 0 | AE36: =IFERROR(IF(I36="",0,MAX(0,MIN(AD36,I36-AA36))),0) -> 0 | AF36: =IFERROR(AD36-AE36,0) -> 0 | AG36: =IFERROR(IF(C36="Y",Settings!$B$4+Settings!$B$5,0),0) -> 0 | AH36: =IFERROR(IF(U36="","",IFERROR(VLOOKUP(U36,'Bucket Status'!$A$4:$B$75,2,FALSE()),0)-(SUMIF($U$5:$U35,U36,$AK$5:$AK35)+SUMIF($V$5:$V35,U36,$AL$5:$AL35)+SUMIF($Y$5:$Y35,U36,$AA$5:$AA35)+SUMIF($AC$5:$AC35,U36,$AE$5:$AE35))),"") | AI36: =IFERROR(IF(V36="","",IFERROR(VLOOKUP(V36,'Bucket Status'!$A$4:$B$75,2,FALSE()),0)-(SUMIF($U$5:$U35,V36,$AK$5:$AK35)+SUMIF($V$5:$V35,V36,$AL$5:$AL35)+SUMIF($Y$5:$Y35,V36,$AA$5:$AA35)+SUMIF($AC$5:$AC35,V36,$AE$5:$AE35))),"") | AJ36: =IFERROR(IF(AH36="","",AH36+IF(AI36="",0,AI36)),"") | AK36: =IFERROR(IF(I36="","",IF(U36="",0,IF(V36="",(I36-AA36-AE36),MIN(AH36,(I36-AA36-AE36))))),"") | AL36: =IFERROR(IF(I36="","",IF(V36="",0,MAX(0,(I36-AA36-AE36)-AK36))),"")
... I104: =IFERROR(IF(H104="","",H104+AG104),"") | J104: =IFERROR(IF(OR(I104="",AJ104=""),"",AJ104-(AK104+AL104)),"") | K104: =IF(AND(AA104>0,AE104>0),TEXT(AA104,"0.000")&" kg "&Y104&" (funnel)"&" + "&TEXT(AE104,"0.000")&" kg "&AC104&" (funnel)",IF(AA104>0,TEXT(AA104,"0.000")&" kg "&Y104&" (funnel)",IF(AE104>0,TEXT(AE104,"0.000")&" kg "&AC104&" (funnel)",""))) | L104: =IF(OR(AK104="",AK104=0,U104=""),"",TEXT(AK104,"0.000")&" kg "&U104) | M104: =IF(OR(AL104="",AL104=0,V104=""),"",TEXT(AL104,"0.000")&" kg "&V104) | N104: =IF(OR(I104="",U104=""),"",TEXT(MAX(0,(AH104-AK104-IF(Y104=U104,AA104,0)-IF(AC104=U104,AE104,0))),"0.000")&" kg "&U104) | O104: =IF(OR(I104="",V104=""),"",TEXT(MAX(0,(AI104-AL104-IF(Y104=V104,AA104,0)-IF(AC104=V104,AE104,0))),"0.000")&" kg "&V104) | Q104: =IF($A104="","",IF(D104="",Q103,D104)) | R104: =IF($A104="","",IF(E104="",R103,E104)) | S104: =IF($A104="","",IF(F104="",S103,F104)) | T104: =IF($A104="","",IF(G104="",T103,G104)) | U104: =IF(OR(Q104="",R104=""),"",Q104&R104&"-") | V104: =IF(OR(S104="",T104=""),"",S104&T104&"-") | W104: =IF(AND(U104<>"",U103<>"",U104<>U103),1,0) -> 0 | X104: =IF(AND(V104<>"",V103<>"",V104<>V103),1,0) -> 0 | Y104: =IF(W104=1,U103,IF(AB103>0,Y103,"")) | Z104: =IF(W104=1,MAX(0,MIN(Settings!$B$6,(IFERROR(VLOOKUP(U103,'Bucket Status'!$A$4:$B$75,2,FALSE()),0)-(SUMIF($U$5:$U103,U103,$AK$5:$AK103)+SUMIF($V$5:$V103,U103,$AL$5:$AL103)+SUMIF($Y$5:$Y103,U103,$AA$5:$AA103)+SUMIF($AC$5:$AC103,U103,$AE$5:$AE103))))),IF(AB103>0,AB103,0)) -> 0 | AA104: =IFERROR(IF(I104="",0,MAX(0,MIN(Z104,I104))),0) -> 0 | AB104: =IFERROR(Z104-AA104,0) -> 0 | AC104: =IF(X104=1,V103,IF(AF103>0,AC103,"")) | AD104: =IF(X104=1,MAX(0,MIN(Settings!$B$6-Z104,(IFERROR(VLOOKUP(V103,'Bucket Status'!$A$4:$B$75,2,FALSE()),0)-(SUMIF($U$5:$U103,V103,$AK$5:$AK103)+SUMIF($V$5:$V103,V103,$AL$5:$AL103)+SUMIF($Y$5:$Y103,V103,$AA$5:$AA103)+SUMIF($AC$5:$AC103,V103,$AE$5:$AE103))))),IF(AF103>0,AF103,0)) -> 0 | AE104: =IFERROR(IF(I104="",0,MAX(0,MIN(AD104,I104-AA104))),0) -> 0 | AF104: =IFERROR(AD104-AE104,0) -> 0 | AG104: =IFERROR(IF(C104="Y",Settings!$B$4+Settings!$B$5,0),0) -> 0 | AH104: =IFERROR(IF(U104="","",IFERROR(VLOOKUP(U104,'Bucket Status'!$A$4:$B$75,2,FALSE()),0)-(SUMIF($U$5:$U103,U104,$AK$5:$AK103)+SUMIF($V$5:$V103,U104,$AL$5:$AL103)+SUMIF($Y$5:$Y103,U104,$AA$5:$AA103)+SUMIF($AC$5:$AC103,U104,$AE$5:$AE103))),"") | AI104: =IFERROR(IF(V104="","",IFERROR(VLOOKUP(V104,'Bucket Status'!$A$4:$B$75,2,FALSE()),0)-(SUMIF($U$5:$U103,V104,$AK$5:$AK103)+SUMIF($V$5:$V103,V104,$AL$5:$AL103)+SUMIF($Y$5:$Y103,V104,$AA$5:$AA103)+SUMIF($AC$5:$AC103,V104,$AE$5:$AE103))),"") | AJ104: =IFERROR(IF(AH104="","",AH104+IF(AI104="",0,AI104)),"") | AK104: =IFERROR(IF(I104="","",IF(U104="",0,IF(V104="",(I104-AA104-AE104),MIN(AH104,(I104-AA104-AE104))))),"") | AL104: =IFERROR(IF(I104="","",IF(V104="",0,MAX(0,(I104-AA104-AE104)-AK104))),"")
A105: Totals | H105: =SUM(H5:H104) -> 68.63 | I105: =SUM(I5:I104) -> 69.83 | AA105: =SUM(AA5:AA104) -> 3.29 | AE105: =SUM(AE5:AE104) -> 16.72 | AG105: =SUM(AG5:AG104) -> 1.2 | AK105: =SUM(AK5:AK104) -> 31.31 | AL105: =SUM(AL5:AL104) -> 18.51

Sheet Bucket Status
A1: Bucket Status — 9 mix cycles × 8 buckets
A2: Bucket key | B2: Last fill | D2: Total drawn | E2: Est. remaining | F2: Status | G2: Notes | H2: LOT#
A3: Bucket key | B3: Full weight (kg) | C3: Date filled | D3: Total drawn (kg) | E3: Est. remaining (kg) | F3: Status | G3: Notes | H3: LOT# (auto)
A4: M1A- | B4: 4.52 | C4: 46275 | D4: =IFERROR(SUMIF('Old P110'!$U$5:$U$104,A4,'Old P110'!$AK$5:$AK$104)+SUMIF('Old P110'!$V$5:$V$104,A4,'Old P110'!$AL$5:$AL$104)+SUMIF('Old P110'!$Y$5:$Y$104,A4,'Old P110'!$AA$5:$AA$104)+SUMIF('Old P110'!$AC$5:$AC$104,A4,'Old P110'!$AE$5:$AE$104)+SUMIF('New P110'!$U$5:$U$104,A4,'New P110'!$AK$5:$AK$104)+SUMIF('New P110'!$V$5:$V$104,A4,'New P110'!$AL$5:$AL$104)+SUMIF('New P110'!$Y$5:$Y$104,A4,'New P110'!$AA$5:$AA$104)+SUMIF('New P110'!$AC$5:$AC$104,A4,'New P110'!$AE$5:$AE$104),0) -> 4.52 | E4: =IFERROR(IF(B4="","Not filled",B4-D4),"Not filled") -> 0 | F4: =IF(B4="","Not filled",IF(E4<=0,"Empty",IF(E4<Settings!$B$3,"Low","OK"))) -> Empty | H4: =IF(C4="","",A4&TEXT(C4,"yyyymmdd")) -> M1A-20260910
A5: M1B- | B5: 4.72 | C5: 46275 | D5: =IFERROR(SUMIF('Old P110'!$U$5:$U$104,A5,'Old P110'!$AK$5:$AK$104)+SUMIF('Old P110'!$V$5:$V$104,A5,'Old P110'!$AL$5:$AL$104)+SUMIF('Old P110'!$Y$5:$Y$104,A5,'Old P110'!$AA$5:$AA$104)+SUMIF('Old P110'!$AC$5:$AC$104,A5,'Old P110'!$AE$5:$AE$104)+SUMIF('New P110'!$U$5:$U$104,A5,'New P110'!$AK$5:$AK$104)+SUMIF('New P110'!$V$5:$V$104,A5,'New P110'!$AL$5:$AL$104)+SUMIF('New P110'!$Y$5:$Y$104,A5,'New P110'!$AA$5:$AA$104)+SUMIF('New P110'!$AC$5:$AC$104,A5,'New P110'!$AE$5:$AE$104),0) -> 4.72 | E5: =IFERROR(IF(B5="","Not filled",B5-D5),"Not filled") -> 0 | F5: =IF(B5="","Not filled",IF(E5<=0,"Empty",IF(E5<Settings!$B$3,"Low","OK"))) -> Empty | H5: =IF(C5="","",A5&TEXT(C5,"yyyymmdd")) -> M1B-20260910
A6: M1C- | B6: 4.63 | C6: 46275 | D6: =IFERROR(SUMIF('Old P110'!$U$5:$U$104,A6,'Old P110'!$AK$5:$AK$104)+SUMIF('Old P110'!$V$5:$V$104,A6,'Old P110'!$AL$5:$AL$104)+SUMIF('Old P110'!$Y$5:$Y$104,A6,'Old P110'!$AA$5:$AA$104)+SUMIF('Old P110'!$AC$5:$AC$104,A6,'Old P110'!$AE$5:$AE$104)+SUMIF('New P110'!$U$5:$U$104,A6,'New P110'!$AK$5:$AK$104)+SUMIF('New P110'!$V$5:$V$104,A6,'New P110'!$AL$5:$AL$104)+SUMIF('New P110'!$Y$5:$Y$104,A6,'New P110'!$AA$5:$AA$104)+SUMIF('New P110'!$AC$5:$AC$104,A6,'New P110'!$AE$5:$AE$104),0) -> 4.63 | E6: =IFERROR(IF(B6="","Not filled",B6-D6),"Not filled") -> 0 | F6: =IF(B6="","Not filled",IF(E6<=0,"Empty",IF(E6<Settings!$B$3,"Low","OK"))) -> Empty | H6: =IF(C6="","",A6&TEXT(C6,"yyyymmdd")) -> M1C-20260910
A7: M1D- | B7: 4.86 | C7: 46275 | D7: =IFERROR(SUMIF('Old P110'!$U$5:$U$104,A7,'Old P110'!$AK$5:$AK$104)+SUMIF('Old P110'!$V$5:$V$104,A7,'Old P110'!$AL$5:$AL$104)+SUMIF('Old P110'!$Y$5:$Y$104,A7,'Old P110'!$AA$5:$AA$104)+SUMIF('Old P110'!$AC$5:$AC$104,A7,'Old P110'!$AE$5:$AE$104)+SUMIF('New P110'!$U$5:$U$104,A7,'New P110'!$AK$5:$AK$104)+SUMIF('New P110'!$V$5:$V$104,A7,'New P110'!$AL$5:$AL$104)+SUMIF('New P110'!$Y$5:$Y$104,A7,'New P110'!$AA$5:$AA$104)+SUMIF('New P110'!$AC$5:$AC$104,A7,'New P110'!$AE$5:$AE$104),0) -> 4.86 | E7: =IFERROR(IF(B7="","Not filled",B7-D7),"Not filled") -> 0 | F7: =IF(B7="","Not filled",IF(E7<=0,"Empty",IF(E7<Settings!$B$3,"Low","OK"))) -> Empty | H7: =IF(C7="","",A7&TEXT(C7,"yyyymmdd")) -> M1D-20260910
A8: M1E- | B8: 4.55 | C8: 46275 | D8: =IFERROR(SUMIF('Old P110'!$U$5:$U$104,A8,'Old P110'!$AK$5:$AK$104)+SUMIF('Old P110'!$V$5:$V$104,A8,'Old P110'!$AL$5:$AL$104)+SUMIF('Old P110'!$Y$5:$Y$104,A8,'Old P110'!$AA$5:$AA$104)+SUMIF('Old P110'!$AC$5:$AC$104,A8,'Old P110'!$AE$5:$AE$104)+SUMIF('New P110'!$U$5:$U$104,A8,'New P110'!$AK$5:$AK$104)+SUMIF('New P110'!$V$5:$V$104,A8,'New P110'!$AL$5:$AL$104)+SUMIF('New P110'!$Y$5:$Y$104,A8,'New P110'!$AA$5:$AA$104)+SUMIF('New P110'!$AC$5:$AC$104,A8,'New P110'!$AE$5:$AE$104),0) -> 4.55 | E8: =IFERROR(IF(B8="","Not filled",B8-D8),"Not filled") -> 0 | F8: =IF(B8="","Not filled",IF(E8<=0,"Empty",IF(E8<Settings!$B$3,"Low","OK"))) -> Empty | H8: =IF(C8="","",A8&TEXT(C8,"yyyymmdd")) -> M1E-20260910
A9: M1F- | B9: 4.64 | C9: 46275 | D9: =IFERROR(SUMIF('Old P110'!$U$5:$U$104,A9,'Old P110'!$AK$5:$AK$104)+SUMIF('Old P110'!$V$5:$V$104,A9,'Old P110'!$AL$5:$AL$104)+SUMIF('Old P110'!$Y$5:$Y$104,A9,'Old P110'!$AA$5:$AA$104)+SUMIF('Old P110'!$AC$5:$AC$104,A9,'Old P110'!$AE$5:$AE$104)+SUMIF('New P110'!$U$5:$U$104,A9,'New P110'!$AK$5:$AK$104)+SUMIF('New P110'!$V$5:$V$104,A9,'New P110'!$AL$5:$AL$104)+SUMIF('New P110'!$Y$5:$Y$104,A9,'New P110'!$AA$5:$AA$104)+SUMIF('New P110'!$AC$5:$AC$104,A9,'New P110'!$AE$5:$AE$104),0) -> 4.64 | E9: =IFERROR(IF(B9="","Not filled",B9-D9),"Not filled") -> 0 | F9: =IF(B9="","Not filled",IF(E9<=0,"Empty",IF(E9<Settings!$B$3,"Low","OK"))) -> Empty | H9: =IF(C9="","",A9&TEXT(C9,"yyyymmdd")) -> M1F-20260910
A10: M1G- | B10: 4.81 | C10: 46275 | D10: =IFERROR(SUMIF('Old P110'!$U$5:$U$104,A10,'Old P110'!$AK$5:$AK$104)+SUMIF('Old P110'!$V$5:$V$104,A10,'Old P110'!$AL$5:$AL$104)+SUMIF('Old P110'!$Y$5:$Y$104,A10,'Old P110'!$AA$5:$AA$104)+SUMIF('Old P110'!$AC$5:$AC$104,A10,'Old P110'!$AE$5:$AE$104)+SUMIF('New P110'!$U$5:$U$104,A10,'New P110'!$AK$5:$AK$104)+SUMIF('New P110'!$V$5:$V$104,A10,'New P110'!$AL$5:$AL$104)+SUMIF('New P110'!$Y$5:$Y$104,A10,'New P110'!$AA$5:$AA$104)+SUMIF('New P110'!$AC$5:$AC$104,A10,'New P110'!$AE$5:$AE$104),0) -> 4.81 | E10: =IFERROR(IF(B10="","Not filled",B10-D10),"Not filled") -> 0 | F10: =IF(B10="","Not filled",IF(E10<=0,"Empty",IF(E10<Settings!$B$3,"Low","OK"))) -> Empty | H10: =IF(C10="","",A10&TEXT(C10,"yyyymmdd")) -> M1G-20260910
A11: M1H- | B11: 4.6 | C11: 46275 | D11: =IFERROR(SUMIF('Old P110'!$U$5:$U$104,A11,'Old P110'!$AK$5:$AK$104)+SUMIF('Old P110'!$V$5:$V$104,A11,'Old P110'!$AL$5:$AL$104)+SUMIF('Old P110'!$Y$5:$Y$104,A11,'Old P110'!$AA$5:$AA$104)+SUMIF('Old P110'!$AC$5:$AC$104,A11,'Old P110'!$AE$5:$AE$104)+SUMIF('New P110'!$U$5:$U$104,A11,'New P110'!$AK$5:$AK$104)+SUMIF('New P110'!$V$5:$V$104,A11,'New P110'!$AL$5:$AL$104)+SUMIF('New P110'!$Y$5:$Y$104,A11,'New P110'!$AA$5:$AA$104)+SUMIF('New P110'!$AC$5:$AC$104,A11,'New P110'!$AE$5:$AE$104),0) -> 4.6 | E11: =IFERROR(IF(B11="","Not filled",B11-D11),"Not filled") -> 0 | F11: =IF(B11="","Not filled",IF(E11<=0,"Empty",IF(E11<Settings!$B$3,"Low","OK"))) -> Empty | H11: =IF(C11="","",A11&TEXT(C11,"yyyymmdd")) -> M1H-20260910
A12: M2A- | B12: 5.05 | C12: 46282 | D12: 5.09 | E12: 4.78 | F12: =IF(B12="","Not filled",IF(E12<=0,"Empty",IF(E12<Settings!$B$3,"Low","OK"))) -> OK | H12: =IF(C12="","",A12&TEXT(C12,"yyyymmdd")) -> M2A-20260917
A13: M2B- | B13: 4.95 | C13: 46282 | D13: =IFERROR(SUMIF('Old P110'!$U$5:$U$104,A13,'Old P110'!$AK$5:$AK$104)+SUMIF('Old P110'!$V$5:$V$104,A13,'Old P110'!$AL$5:$AL$104)+SUMIF('Old P110'!$Y$5:$Y$104,A13,'Old P110'!$AA$5:$AA$104)+SUMIF('Old P110'!$AC$5:$AC$104,A13,'Old P110'!$AE$5:$AE$104)+SUMIF('New P110'!$U$5:$U$104,A13,'New P110'!$AK$5:$AK$104)+SUMIF('New P110'!$V$5:$V$104,A13,'New P110'!$AL$5:$AL$104)+SUMIF('New P110'!$Y$5:$Y$104,A13,'New P110'!$AA$5:$AA$104)+SUMIF('New P110'!$AC$5:$AC$104,A13,'New P110'!$AE$5:$AE$104),0) -> 4.95 | E13: =IFERROR(IF(B13="","Not filled",B13-D13),"Not filled") -> 0 | F13: =IF(B13="","Not filled",IF(E13<=0,"Empty",IF(E13<Settings!$B$3,"Low","OK"))) -> Empty | H13: =IF(C13="","",A13&TEXT(C13,"yyyymmdd")) -> M2B-20260917
A14: M2C- | B14: 5.09 | C14: 46282 | D14: =IFERROR(SUMIF('Old P110'!$U$5:$U$104,A14,'Old P110'!$AK$5:$AK$104)+SUMIF('Old P110'!$V$5:$V$104,A14,'Old P110'!$AL$5:$AL$104)+SUMIF('Old P110'!$Y$5:$Y$104,A14,'Old P110'!$AA$5:$AA$104)+SUMIF('Old P110'!$AC$5:$AC$104,A14,'Old P110'!$AE$5:$AE$104)+SUMIF('New P110'!$U$5:$U$104,A14,'New P110'!$AK$5:$AK$104)+SUMIF('New P110'!$V$5:$V$104,A14,'New P110'!$AL$5:$AL$104)+SUMIF('New P110'!$Y$5:$Y$104,A14,'New P110'!$AA$5:$AA$104)+SUMIF('New P110'!$AC$5:$AC$104,A14,'New P110'!$AE$5:$AE$104),0) -> 5.09 | E14: =IFERROR(IF(B14="","Not filled",B14-D14),"Not filled") -> 0 | F14: =IF(B14="","Not filled",IF(E14<=0,"Empty",IF(E14<Settings!$B$3,"Low","OK"))) -> Empty | H14: =IF(C14="","",A14&TEXT(C14,"yyyymmdd")) -> M2C-20260917
A15: M2D- | B15: 4.78 | C15: 46282 | D15: =IFERROR(SUMIF('Old P110'!$U$5:$U$104,A15,'Old P110'!$AK$5:$AK$104)+SUMIF('Old P110'!$V$5:$V$104,A15,'Old P110'!$AL$5:$AL$104)+SUMIF('Old P110'!$Y$5:$Y$104,A15,'Old P110'!$AA$5:$AA$104)+SUMIF('Old P110'!$AC$5:$AC$104,A15,'Old P110'!$AE$5:$AE$104)+SUMIF('New P110'!$U$5:$U$104,A15,'New P110'!$AK$5:$AK$104)+SUMIF('New P110'!$V$5:$V$104,A15,'New P110'!$AL$5:$AL$104)+SUMIF('New P110'!$Y$5:$Y$104,A15,'New P110'!$AA$5:$AA$104)+SUMIF('New P110'!$AC$5:$AC$104,A15,'New P110'!$AE$5:$AE$104),0) -> 4.78 | E15: =IFERROR(IF(B15="","Not filled",B15-D15),"Not filled") -> 0 | F15: =IF(B15="","Not filled",IF(E15<=0,"Empty",IF(E15<Settings!$B$3,"Low","OK"))) -> Empty | H15: =IF(C15="","",A15&TEXT(C15,"yyyymmdd")) -> M2D-20260917
A16: M2E- | B16: 4.93 | C16: 46282 | D16: =IFERROR(SUMIF('Old P110'!$U$5:$U$104,A16,'Old P110'!$AK$5:$AK$104)+SUMIF('Old P110'!$V$5:$V$104,A16,'Old P110'!$AL$5:$AL$104)+SUMIF('Old P110'!$Y$5:$Y$104,A16,'Old P110'!$AA$5:$AA$104)+SUMIF('Old P110'!$AC$5:$AC$104,A16,'Old P110'!$AE$5:$AE$104)+SUMIF('New P110'!$U$5:$U$104,A16,'New P110'!$AK$5:$AK$104)+SUMIF('New P110'!$V$5:$V$104,A16,'New P110'!$AL$5:$AL$104)+SUMIF('New P110'!$Y$5:$Y$104,A16,'New P110'!$AA$5:$AA$104)+SUMIF('New P110'!$AC$5:$AC$104,A16,'New P110'!$AE$5:$AE$104),0) -> 4.93 | E16: =IFERROR(IF(B16="","Not filled",B16-D16),"Not filled") -> 0 | F16: =IF(B16="","Not filled",IF(E16<=0,"Empty",IF(E16<Settings!$B$3,"Low","OK"))) -> Empty | H16: =IF(C16="","",A16&TEXT(C16,"yyyymmdd")) -> M2E-20260917
A17: M2F- | B17: 5.12 | C17: 46282 | D17: =IFERROR(SUMIF('Old P110'!$U$5:$U$104,A17,'Old P110'!$AK$5:$AK$104)+SUMIF('Old P110'!$V$5:$V$104,A17,'Old P110'!$AL$5:$AL$104)+SUMIF('Old P110'!$Y$5:$Y$104,A17,'Old P110'!$AA$5:$AA$104)+SUMIF('Old P110'!$AC$5:$AC$104,A17,'Old P110'!$AE$5:$AE$104)+SUMIF('New P110'!$U$5:$U$104,A17,'New P110'!$AK$5:$AK$104)+SUMIF('New P110'!$V$5:$V$104,A17,'New P110'!$AL$5:$AL$104)+SUMIF('New P110'!$Y$5:$Y$104,A17,'New P110'!$AA$5:$AA$104)+SUMIF('New P110'!$AC$5:$AC$104,A17,'New P110'!$AE$5:$AE$104),0) -> 5.12 | E17: =IFERROR(IF(B17="","Not filled",B17-D17),"Not filled") -> 0 | F17: =IF(B17="","Not filled",IF(E17<=0,"Empty",IF(E17<Settings!$B$3,"Low","OK"))) -> Empty | H17: =IF(C17="","",A17&TEXT(C17,"yyyymmdd")) -> M2F-20260917
A18: M2G- | B18: 4.9 | C18: 46282 | D18: =IFERROR(SUMIF('Old P110'!$U$5:$U$104,A18,'Old P110'!$AK$5:$AK$104)+SUMIF('Old P110'!$V$5:$V$104,A18,'Old P110'!$AL$5:$AL$104)+SUMIF('Old P110'!$Y$5:$Y$104,A18,'Old P110'!$AA$5:$AA$104)+SUMIF('Old P110'!$AC$5:$AC$104,A18,'Old P110'!$AE$5:$AE$104)+SUMIF('New P110'!$U$5:$U$104,A18,'New P110'!$AK$5:$AK$104)+SUMIF('New P110'!$V$5:$V$104,A18,'New P110'!$AL$5:$AL$104)+SUMIF('New P110'!$Y$5:$Y$104,A18,'New P110'!$AA$5:$AA$104)+SUMIF('New P110'!$AC$5:$AC$104,A18,'New P110'!$AE$5:$AE$104),0) -> 4.9 | E18: =IFERROR(IF(B18="","Not filled",B18-D18),"Not filled") -> 0 | F18: =IF(B18="","Not filled",IF(E18<=0,"Empty",IF(E18<Settings!$B$3,"Low","OK"))) -> Empty | H18: =IF(C18="","",A18&TEXT(C18,"yyyymmdd")) -> M2G-20260917
A19: M2H- | B19: 4.95 | C19: 46282 | D19: =IFERROR(SUMIF('Old P110'!$U$5:$U$104,A19,'Old P110'!$AK$5:$AK$104)+SUMIF('Old P110'!$V$5:$V$104,A19,'Old P110'!$AL$5:$AL$104)+SUMIF('Old P110'!$Y$5:$Y$104,A19,'Old P110'!$AA$5:$AA$104)+SUMIF('Old P110'!$AC$5:$AC$104,A19,'Old P110'!$AE$5:$AE$104)+SUMIF('New P110'!$U$5:$U$104,A19,'New P110'!$AK$5:$AK$104)+SUMIF('New P110'!$V$5:$V$104,A19,'New P110'!$AL$5:$AL$104)+SUMIF('New P110'!$Y$5:$Y$104,A19,'New P110'!$AA$5:$AA$104)+SUMIF('New P110'!$AC$5:$AC$104,A19,'New P110'!$AE$5:$AE$104),0) -> 4.95 | E19: =IFERROR(IF(B19="","Not filled",B19-D19),"Not filled") -> 0 | F19: =IF(B19="","Not filled",IF(E19<=0,"Empty",IF(E19<Settings!$B$3,"Low","OK"))) -> Empty | H19: =IF(C19="","",A19&TEXT(C19,"yyyymmdd")) -> M2H-20260917
A20: M3A- | B20: 5 | C20: 46297 | D20: =IFERROR(SUMIF('Old P110'!$U$5:$U$104,A20,'Old P110'!$AK$5:$AK$104)+SUMIF('Old P110'!$V$5:$V$104,A20,'Old P110'!$AL$5:$AL$104)+SUMIF('Old P110'!$Y$5:$Y$104,A20,'Old P110'!$AA$5:$AA$104)+SUMIF('Old P110'!$AC$5:$AC$104,A20,'Old P110'!$AE$5:$AE$104)+SUMIF('New P110'!$U$5:$U$104,A20,'New P110'!$AK$5:$AK$104)+SUMIF('New P110'!$V$5:$V$104,A20,'New P110'!$AL$5:$AL$104)+SUMIF('New P110'!$Y$5:$Y$104,A20,'New P110'!$AA$5:$AA$104)+SUMIF('New P110'!$AC$5:$AC$104,A20,'New P110'!$AE$5:$AE$104),0) -> 5 | E20: =IFERROR(IF(B20="","Not filled",B20-D20),"Not filled") -> 0 | F20: =IF(B20="","Not filled",IF(E20<=0,"Empty",IF(E20<Settings!$B$3,"Low","OK"))) -> Empty | H20: =IF(C20="","",A20&TEXT(C20,"yyyymmdd")) -> M3A-20261002
A21: M3B- | B21: 5.23 | C21: 46297 | D21: =IFERROR(SUMIF('Old P110'!$U$5:$U$104,A21,'Old P110'!$AK$5:$AK$104)+SUMIF('Old P110'!$V$5:$V$104,A21,'Old P110'!$AL$5:$AL$104)+SUMIF('Old P110'!$Y$5:$Y$104,A21,'Old P110'!$AA$5:$AA$104)+SUMIF('Old P110'!$AC$5:$AC$104,A21,'Old P110'!$AE$5:$AE$104)+SUMIF('New P110'!$U$5:$U$104,A21,'New P110'!$AK$5:$AK$104)+SUMIF('New P110'!$V$5:$V$104,A21,'New P110'!$AL$5:$AL$104)+SUMIF('New P110'!$Y$5:$Y$104,A21,'New P110'!$AA$5:$AA$104)+SUMIF('New P110'!$AC$5:$AC$104,A21,'New P110'!$AE$5:$AE$104),0) -> 5.23 | E21: =IFERROR(IF(B21="","Not filled",B21-D21),"Not filled") -> 0 | F21: =IF(B21="","Not filled",IF(E21<=0,"Empty",IF(E21<Settings!$B$3,"Low","OK"))) -> Empty | H21: =IF(C21="","",A21&TEXT(C21,"yyyymmdd")) -> M3B-20261002
A22: M3C- | B22: 5.08 | C22: 46297 | D22: =IFERROR(SUMIF('Old P110'!$U$5:$U$104,A22,'Old P110'!$AK$5:$AK$104)+SUMIF('Old P110'!$V$5:$V$104,A22,'Old P110'!$AL$5:$AL$104)+SUMIF('Old P110'!$Y$5:$Y$104,A22,'Old P110'!$AA$5:$AA$104)+SUMIF('Old P110'!$AC$5:$AC$104,A22,'Old P110'!$AE$5:$AE$104)+SUMIF('New P110'!$U$5:$U$104,A22,'New P110'!$AK$5:$AK$104)+SUMIF('New P110'!$V$5:$V$104,A22,'New P110'!$AL$5:$AL$104)+SUMIF('New P110'!$Y$5:$Y$104,A22,'New P110'!$AA$5:$AA$104)+SUMIF('New P110'!$AC$5:$AC$104,A22,'New P110'!$AE$5:$AE$104),0) -> 5.08 | E22: =IFERROR(IF(B22="","Not filled",B22-D22),"Not filled") -> 0 | F22: =IF(B22="","Not filled",IF(E22<=0,"Empty",IF(E22<Settings!$B$3,"Low","OK"))) -> Empty | H22: =IF(C22="","",A22&TEXT(C22,"yyyymmdd")) -> M3C-20261002
A23: M3D- | B23: 4.99 | C23: 46297 | D23: =IFERROR(SUMIF('Old P110'!$U$5:$U$104,A23,'Old P110'!$AK$5:$AK$104)+SUMIF('Old P110'!$V$5:$V$104,A23,'Old P110'!$AL$5:$AL$104)+SUMIF('Old P110'!$Y$5:$Y$104,A23,'Old P110'!$AA$5:$AA$104)+SUMIF('Old P110'!$AC$5:$AC$104,A23,'Old P110'!$AE$5:$AE$104)+SUMIF('New P110'!$U$5:$U$104,A23,'New P110'!$AK$5:$AK$104)+SUMIF('New P110'!$V$5:$V$104,A23,'New P110'!$AL$5:$AL$104)+SUMIF('New P110'!$Y$5:$Y$104,A23,'New P110'!$AA$5:$AA$104)+SUMIF('New P110'!$AC$5:$AC$104,A23,'New P110'!$AE$5:$AE$104),0) -> 4.99 | E23: =IFERROR(IF(B23="","Not filled",B23-D23),"Not filled") -> 0 | F23: =IF(B23="","Not filled",IF(E23<=0,"Empty",IF(E23<Settings!$B$3,"Low","OK"))) -> Empty | H23: =IF(C23="","",A23&TEXT(C23,"yyyymmdd")) -> M3D-20261002
A24: M3E- | B24: 5.15 | C24: 46297 | D24: =IFERROR(SUMIF('Old P110'!$U$5:$U$104,A24,'Old P110'!$AK$5:$AK$104)+SUMIF('Old P110'!$V$5:$V$104,A24,'Old P110'!$AL$5:$AL$104)+SUMIF('Old P110'!$Y$5:$Y$104,A24,'Old P110'!$AA$5:$AA$104)+SUMIF('Old P110'!$AC$5:$AC$104,A24,'Old P110'!$AE$5:$AE$104)+SUMIF('New P110'!$U$5:$U$104,A24,'New P110'!$AK$5:$AK$104)+SUMIF('New P110'!$V$5:$V$104,A24,'New P110'!$AL$5:$AL$104)+SUMIF('New P110'!$Y$5:$Y$104,A24,'New P110'!$AA$5:$AA$104)+SUMIF('New P110'!$AC$5:$AC$104,A24,'New P110'!$AE$5:$AE$104),0) -> 5.15 | E24: =IFERROR(IF(B24="","Not filled",B24-D24),"Not filled") -> 0 | F24: =IF(B24="","Not filled",IF(E24<=0,"Empty",IF(E24<Settings!$B$3,"Low","OK"))) -> Empty | H24: =IF(C24="","",A24&TEXT(C24,"yyyymmdd")) -> M3E-20261002
... A35: M4H- | B35: 5.065 | C35: 46304 | D35: =IFERROR(SUMIF('Old P110'!$U$5:$U$104,A35,'Old P110'!$AK$5:$AK$104)+SUMIF('Old P110'!$V$5:$V$104,A35,'Old P110'!$AL$5:$AL$104)+SUMIF('Old P110'!$Y$5:$Y$104,A35,'Old P110'!$AA$5:$AA$104)+SUMIF('Old P110'!$AC$5:$AC$104,A35,'Old P110'!$AE$5:$AE$104)+SUMIF('New P110'!$U$5:$U$104,A35,'New P110'!$AK$5:$AK$104)+SUMIF('New P110'!$V$5:$V$104,A35,'New P110'!$AL$5:$AL$104)+SUMIF('New P110'!$Y$5:$Y$104,A35,'New P110'!$AA$5:$AA$104)+SUMIF('New P110'!$AC$5:$AC$104,A35,'New P110'!$AE$5:$AE$104),0) -> 0 | E35: =IFERROR(IF(B35="","Not filled",B35-D35),"Not filled") -> 5.065 | F35: =IF(B35="","Not filled",IF(E35<=0,"Empty",IF(E35<Settings!$B$3,"Low","OK"))) -> OK | H35: =IF(C35="","",A35&TEXT(C35,"yyyymmdd")) -> M4H-20261009
A36: M5A- | D36: =IFERROR(SUMIF('Old P110'!$U$5:$U$104,A36,'Old P110'!$AK$5:$AK$104)+SUMIF('Old P110'!$V$5:$V$104,A36,'Old P110'!$AL$5:$AL$104)+SUMIF('Old P110'!$Y$5:$Y$104,A36,'Old P110'!$AA$5:$AA$104)+SUMIF('Old P110'!$AC$5:$AC$104,A36,'Old P110'!$AE$5:$AE$104)+SUMIF('New P110'!$U$5:$U$104,A36,'New P110'!$AK$5:$AK$104)+SUMIF('New P110'!$V$5:$V$104,A36,'New P110'!$AL$5:$AL$104)+SUMIF('New P110'!$Y$5:$Y$104,A36,'New P110'!$AA$5:$AA$104)+SUMIF('New P110'!$AC$5:$AC$104,A36,'New P110'!$AE$5:$AE$104),0) -> 0 | E36: =IFERROR(IF(B36="","Not filled",B36-D36),"Not filled") -> Not filled | F36: =IF(B36="","Not filled",IF(E36<=0,"Empty",IF(E36<Settings!$B$3,"Low","OK"))) -> Not filled | H36: =IF(C36="","",A36&TEXT(C36,"yyyymmdd"))
A37: M5B- | D37: =IFERROR(SUMIF('Old P110'!$U$5:$U$104,A37,'Old P110'!$AK$5:$AK$104)+SUMIF('Old P110'!$V$5:$V$104,A37,'Old P110'!$AL$5:$AL$104)+SUMIF('Old P110'!$Y$5:$Y$104,A37,'Old P110'!$AA$5:$AA$104)+SUMIF('Old P110'!$AC$5:$AC$104,A37,'Old P110'!$AE$5:$AE$104)+SUMIF('New P110'!$U$5:$U$104,A37,'New P110'!$AK$5:$AK$104)+SUMIF('New P110'!$V$5:$V$104,A37,'New P110'!$AL$5:$AL$104)+SUMIF('New P110'!$Y$5:$Y$104,A37,'New P110'!$AA$5:$AA$104)+SUMIF('New P110'!$AC$5:$AC$104,A37,'New P110'!$AE$5:$AE$104),0) -> 0 | E37: =IFERROR(IF(B37="","Not filled",B37-D37),"Not filled") -> Not filled | F37: =IF(B37="","Not filled",IF(E37<=0,"Empty",IF(E37<Settings!$B$3,"Low","OK"))) -> Not filled | H37: =IF(C37="","",A37&TEXT(C37,"yyyymmdd"))
A38: M5C- | D38: =IFERROR(SUMIF('Old P110'!$U$5:$U$104,A38,'Old P110'!$AK$5:$AK$104)+SUMIF('Old P110'!$V$5:$V$104,A38,'Old P110'!$AL$5:$AL$104)+SUMIF('Old P110'!$Y$5:$Y$104,A38,'Old P110'!$AA$5:$AA$104)+SUMIF('Old P110'!$AC$5:$AC$104,A38,'Old P110'!$AE$5:$AE$104)+SUMIF('New P110'!$U$5:$U$104,A38,'New P110'!$AK$5:$AK$104)+SUMIF('New P110'!$V$5:$V$104,A38,'New P110'!$AL$5:$AL$104)+SUMIF('New P110'!$Y$5:$Y$104,A38,'New P110'!$AA$5:$AA$104)+SUMIF('New P110'!$AC$5:$AC$104,A38,'New P110'!$AE$5:$AE$104),0) -> 0 | E38: =IFERROR(IF(B38="","Not filled",B38-D38),"Not filled") -> Not filled | F38: =IF(B38="","Not filled",IF(E38<=0,"Empty",IF(E38<Settings!$B$3,"Low","OK"))) -> Not filled | H38: =IF(C38="","",A38&TEXT(C38,"yyyymmdd"))
A39: M5D- | D39: =IFERROR(SUMIF('Old P110'!$U$5:$U$104,A39,'Old P110'!$AK$5:$AK$104)+SUMIF('Old P110'!$V$5:$V$104,A39,'Old P110'!$AL$5:$AL$104)+SUMIF('Old P110'!$Y$5:$Y$104,A39,'Old P110'!$AA$5:$AA$104)+SUMIF('Old P110'!$AC$5:$AC$104,A39,'Old P110'!$AE$5:$AE$104)+SUMIF('New P110'!$U$5:$U$104,A39,'New P110'!$AK$5:$AK$104)+SUMIF('New P110'!$V$5:$V$104,A39,'New P110'!$AL$5:$AL$104)+SUMIF('New P110'!$Y$5:$Y$104,A39,'New P110'!$AA$5:$AA$104)+SUMIF('New P110'!$AC$5:$AC$104,A39,'New P110'!$AE$5:$AE$104),0) -> 0 | E39: =IFERROR(IF(B39="","Not filled",B39-D39),"Not filled") -> Not filled | F39: =IF(B39="","Not filled",IF(E39<=0,"Empty",IF(E39<Settings!$B$3,"Low","OK"))) -> Not filled | H39: =IF(C39="","",A39&TEXT(C39,"yyyymmdd"))
A40: M5E- | D40: =IFERROR(SUMIF('Old P110'!$U$5:$U$104,A40,'Old P110'!$AK$5:$AK$104)+SUMIF('Old P110'!$V$5:$V$104,A40,'Old P110'!$AL$5:$AL$104)+SUMIF('Old P110'!$Y$5:$Y$104,A40,'Old P110'!$AA$5:$AA$104)+SUMIF('Old P110'!$AC$5:$AC$104,A40,'Old P110'!$AE$5:$AE$104)+SUMIF('New P110'!$U$5:$U$104,A40,'New P110'!$AK$5:$AK$104)+SUMIF('New P110'!$V$5:$V$104,A40,'New P110'!$AL$5:$AL$104)+SUMIF('New P110'!$Y$5:$Y$104,A40,'New P110'!$AA$5:$AA$104)+SUMIF('New P110'!$AC$5:$AC$104,A40,'New P110'!$AE$5:$AE$104),0) -> 0 | E40: =IFERROR(IF(B40="","Not filled",B40-D40),"Not filled") -> Not filled | F40: =IF(B40="","Not filled",IF(E40<=0,"Empty",IF(E40<Settings!$B$3,"Low","OK"))) -> Not filled | H40: =IF(C40="","",A40&TEXT(C40,"yyyymmdd"))
A41: M5F- | D41: =IFERROR(SUMIF('Old P110'!$U$5:$U$104,A41,'Old P110'!$AK$5:$AK$104)+SUMIF('Old P110'!$V$5:$V$104,A41,'Old P110'!$AL$5:$AL$104)+SUMIF('Old P110'!$Y$5:$Y$104,A41,'Old P110'!$AA$5:$AA$104)+SUMIF('Old P110'!$AC$5:$AC$104,A41,'Old P110'!$AE$5:$AE$104)+SUMIF('New P110'!$U$5:$U$104,A41,'New P110'!$AK$5:$AK$104)+SUMIF('New P110'!$V$5:$V$104,A41,'New P110'!$AL$5:$AL$104)+SUMIF('New P110'!$Y$5:$Y$104,A41,'New P110'!$AA$5:$AA$104)+SUMIF('New P110'!$AC$5:$AC$104,A41,'New P110'!$AE$5:$AE$104),0) -> 0 | E41: =IFERROR(IF(B41="","Not filled",B41-D41),"Not filled") -> Not filled | F41: =IF(B41="","Not filled",IF(E41<=0,"Empty",IF(E41<Settings!$B$3,"Low","OK"))) -> Not filled | H41: =IF(C41="","",A41&TEXT(C41,"yyyymmdd"))
A42: M5G- | D42: =IFERROR(SUMIF('Old P110'!$U$5:$U$104,A42,'Old P110'!$AK$5:$AK$104)+SUMIF('Old P110'!$V$5:$V$104,A42,'Old P110'!$AL$5:$AL$104)+SUMIF('Old P110'!$Y$5:$Y$104,A42,'Old P110'!$AA$5:$AA$104)+SUMIF('Old P110'!$AC$5:$AC$104,A42,'Old P110'!$AE$5:$AE$104)+SUMIF('New P110'!$U$5:$U$104,A42,'New P110'!$AK$5:$AK$104)+SUMIF('New P110'!$V$5:$V$104,A42,'New P110'!$AL$5:$AL$104)+SUMIF('New P110'!$Y$5:$Y$104,A42,'New P110'!$AA$5:$AA$104)+SUMIF('New P110'!$AC$5:$AC$104,A42,'New P110'!$AE$5:$AE$104),0) -> 0 | E42: =IFERROR(IF(B42="","Not filled",B42-D42),"Not filled") -> Not filled | F42: =IF(B42="","Not filled",IF(E42<=0,"Empty",IF(E42<Settings!$B$3,"Low","OK"))) -> Not filled | H42: =IF(C42="","",A42&TEXT(C42,"yyyymmdd"))
A43: M5H- | D43: =IFERROR(SUMIF('Old P110'!$U$5:$U$104,A43,'Old P110'!$AK$5:$AK$104)+SUMIF('Old P110'!$V$5:$V$104,A43,'Old P110'!$AL$5:$AL$104)+SUMIF('Old P110'!$Y$5:$Y$104,A43,'Old P110'!$AA$5:$AA$104)+SUMIF('Old P110'!$AC$5:$AC$104,A43,'Old P110'!$AE$5:$AE$104)+SUMIF('New P110'!$U$5:$U$104,A43,'New P110'!$AK$5:$AK$104)+SUMIF('New P110'!$V$5:$V$104,A43,'New P110'!$AL$5:$AL$104)+SUMIF('New P110'!$Y$5:$Y$104,A43,'New P110'!$AA$5:$AA$104)+SUMIF('New P110'!$AC$5:$AC$104,A43,'New P110'!$AE$5:$AE$104),0) -> 0 | E43: =IFERROR(IF(B43="","Not filled",B43-D43),"Not filled") -> Not filled | F43: =IF(B43="","Not filled",IF(E43<=0,"Empty",IF(E43<Settings!$B$3,"Low","OK"))) -> Not filled | H43: =IF(C43="","",A43&TEXT(C43,"yyyymmdd"))
A44: M6A- | D44: =IFERROR(SUMIF('Old P110'!$U$5:$U$104,A44,'Old P110'!$AK$5:$AK$104)+SUMIF('Old P110'!$V$5:$V$104,A44,'Old P110'!$AL$5:$AL$104)+SUMIF('Old P110'!$Y$5:$Y$104,A44,'Old P110'!$AA$5:$AA$104)+SUMIF('Old P110'!$AC$5:$AC$104,A44,'Old P110'!$AE$5:$AE$104)+SUMIF('New P110'!$U$5:$U$104,A44,'New P110'!$AK$5:$AK$104)+SUMIF('New P110'!$V$5:$V$104,A44,'New P110'!$AL$5:$AL$104)+SUMIF('New P110'!$Y$5:$Y$104,A44,'New P110'!$AA$5:$AA$104)+SUMIF('New P110'!$AC$5:$AC$104,A44,'New P110'!$AE$5:$AE$104),0) -> 0 | E44: =IFERROR(IF(B44="","Not filled",B44-D44),"Not filled") -> Not filled | F44: =IF(B44="","Not filled",IF(E44<=0,"Empty",IF(E44<Settings!$B$3,"Low","OK"))) -> Not filled | H44: =IF(C44="","",A44&TEXT(C44,"yyyymmdd"))
